/*
 Navicat Premium Data Transfer

 Source Server         : kb
 Source Server Type    : MySQL
 Source Server Version : 50643
 Source Host           : localhost:3306
 Source Schema         : db_rimxia

 Target Server Type    : MySQL
 Target Server Version : 50643
 File Encoding         : 65001

 Date: 17/05/2019 18:13:28
*/

SET NAMES utf8mb4;
SET FOREIGN_KEY_CHECKS = 0;

-- ----------------------------
-- Table structure for activation_code
-- ----------------------------
DROP TABLE IF EXISTS `activation_code`;
CREATE TABLE `activation_code`  (
  `user_id` bigint(20) NOT NULL COMMENT '用户id',
  `activation_code` char(36) CHARACTER SET utf8 COLLATE utf8_general_ci NOT NULL COMMENT '用户激活码',
  `made_time` bigint(20) NOT NULL COMMENT '激活码生成时间',
  PRIMARY KEY (`user_id`) USING BTREE
) ENGINE = InnoDB CHARACTER SET = utf8 COLLATE = utf8_general_ci COMMENT = '激活码' ROW_FORMAT = Compact;

-- ----------------------------
-- Records of activation_code
-- ----------------------------
INSERT INTO `activation_code` VALUES (59471142195200, '82452119-6c89-4cb4-8b63-f7f7fca5cc0e', 1557402081803);
INSERT INTO `activation_code` VALUES (571126294515712, '9aaf8383-fdeb-4d00-b036-a1a117591826', 1557406358609);
INSERT INTO `activation_code` VALUES (571141847650304, '5bcac38c-bc7f-426d-b746-9f57ef04a6ec', 1557406477097);
INSERT INTO `activation_code` VALUES (571182176276480, '909b4ae6-80af-4b94-af5f-0aec5817c7da', 1557406784911);
INSERT INTO `activation_code` VALUES (580789738541056, '037b1890-210d-46d4-b92d-a7eb41e935fe', 1557480085028);
INSERT INTO `activation_code` VALUES (658200439164928, 'c457b7aa-23cb-4115-bad7-aeed08a81281', 1558070681596);

-- ----------------------------
-- Table structure for comment
-- ----------------------------
DROP TABLE IF EXISTS `comment`;
CREATE TABLE `comment`  (
  `comment_id` bigint(20) NOT NULL COMMENT '评论id',
  `target_id` bigint(20) NOT NULL COMMENT '目标id',
  `content` varchar(255) CHARACTER SET utf8 COLLATE utf8_general_ci NOT NULL COMMENT '评论内容',
  `creater_id` bigint(20) NOT NULL COMMENT '创建者',
  `like_num` int(11) NOT NULL COMMENT '点赞数',
  `user_head_img` varchar(500) CHARACTER SET utf8 COLLATE utf8_general_ci NOT NULL COMMENT '用户头像',
  `create_time` datetime(0) NOT NULL COMMENT '评论时间',
  `is_auth` bit(1) NOT NULL COMMENT '是否作者',
  `target_type` varchar(10) CHARACTER SET utf8 COLLATE utf8_general_ci NOT NULL COMMENT '目标类型',
  `creater_name` varchar(255) CHARACTER SET utf8 COLLATE utf8_general_ci NOT NULL COMMENT '创建者昵称',
  `reply_num` int(11) NOT NULL COMMENT '回复数',
  PRIMARY KEY (`comment_id`) USING BTREE
) ENGINE = InnoDB CHARACTER SET = utf8 COLLATE = utf8_general_ci COMMENT = '评论' ROW_FORMAT = Compact;

-- ----------------------------
-- Records of comment
-- ----------------------------
INSERT INTO `comment` VALUES (652200232751104, 650698895265792, '好好看 哈哈#qq_14#', 580789738541056, 1, 'http://localhost:8080/img/noface.gif', '2019-05-17 00:41:43', b'0', 'animeInfo', '朱镕城', 1);
INSERT INTO `comment` VALUES (652207127138304, 652200232751104, '真的好看 啊#qq_43#', 59471142195200, 0, 'http://pic17.nipic.com/20111031/8166867_002049106165_2.jpg', '2019-05-17 00:42:36', b'0', 'comment', '张露', 0);
INSERT INTO `comment` VALUES (652210316120064, 650698895265792, '多久更新？#qq_33#', 59471142195200, 1, 'http://pic17.nipic.com/20111031/8166867_002049106165_2.jpg', '2019-05-17 00:43:00', b'0', 'animeInfo', '张露', 3);
INSERT INTO `comment` VALUES (652389836394496, 652210316120064, 'sb', 580789738541056, 0, 'http://localhost:8080/img/noface.gif', '2019-05-17 01:05:50', b'0', 'comment', '朱镕城', 0);
INSERT INTO `comment` VALUES (652405168934912, 652210316120064, '你妈叫你回家吃饭#qq_39#', 580789738541056, 0, 'http://localhost:8080/img/noface.gif', '2019-05-17 01:07:47', b'0', 'comment', '朱镕城', 0);
INSERT INTO `comment` VALUES (652440234627072, 652210316120064, '快过来了#qq_12#', 580789738541056, 0, 'http://localhost:8080/img/noface.gif', '2019-05-17 01:12:14', b'0', 'comment', '朱镕城', 0);
INSERT INTO `comment` VALUES (658045267087360, 652546334134272, '天啊#qq_14#', 580789738541056, 0, 'http://localhost:8080/img/noface.gif', '2019-05-17 13:04:57', b'0', 'animeInfo', '朱镕城', 0);
INSERT INTO `comment` VALUES (658061821612032, 652573499985920, '多久更新啊#qq_57#', 580789738541056, 1, 'http://localhost:8080/img/noface.gif', '2019-05-17 13:07:04', b'0', 'anime', '朱镕城', 2);
INSERT INTO `comment` VALUES (658064883060736, 658061821612032, '15天后', 580789738541056, 1, 'http://localhost:8080/img/noface.gif', '2019-05-17 13:07:27', b'1', 'comment', '朱镕城', 0);
INSERT INTO `comment` VALUES (658118774099968, 658061821612032, 'sb#qq_12#', 580789738541056, 1, 'http://localhost:8080/img/noface.gif', '2019-05-17 13:14:18', b'1', 'comment', '朱镕城', 0);
INSERT INTO `comment` VALUES (658131899781120, 652573499985920, '陈明涛在哪？#qq_33#', 580789738541056, 2, 'http://localhost:8080/img/noface.gif', '2019-05-17 13:15:58', b'0', 'anime', '朱镕城', 0);
INSERT INTO `comment` VALUES (658771004231680, 652573499985920, 'vfsdsdf#qq_5#', 580789738541056, 0, 'http://localhost:8080/img/noface.gif', '2019-05-17 14:37:14', b'0', 'anime', '朱镕城', 1);
INSERT INTO `comment` VALUES (658772996263936, 658771004231680, 'dsfdsf#qq_15#', 580789738541056, 0, 'http://localhost:8080/img/noface.gif', '2019-05-17 14:37:30', b'1', 'comment', '朱镕城', 0);

-- ----------------------------
-- Table structure for file_upload
-- ----------------------------
DROP TABLE IF EXISTS `file_upload`;
CREATE TABLE `file_upload`  (
  `file_id` bigint(20) NOT NULL COMMENT '文件id',
  `file_name` varchar(255) CHARACTER SET utf8 COLLATE utf8_general_ci NOT NULL COMMENT '文件名',
  `content` blob NOT NULL COMMENT '文件内容二进制',
  `file_type` varchar(32) CHARACTER SET utf8 COLLATE utf8_general_ci NOT NULL COMMENT '文件类型',
  PRIMARY KEY (`file_id`) USING BTREE
) ENGINE = InnoDB CHARACTER SET = utf8 COLLATE = utf8_general_ci COMMENT = '文件上传' ROW_FORMAT = Compact;

-- ----------------------------
-- Records of file_upload
-- ----------------------------
INSERT INTO `file_upload` VALUES (6255053544883200, '035bd133-1b6f-43de-beff-89d6a649bff6', 0xFFD8FFE000104A46494600010100000100010000FFDB004300080606070605080707070909080A0C140D0C0B0B0C1912130F141D1A1F1E1D1A1C1C20242E2720222C231C1C2837292C30313434341F27393D38323C2E333432FFDB0043010909090C0B0C180D0D1832211C213232323232323232323232323232323232323232323232323232323232323232323232323232323232323232323232323232FFC00011080189010E03012200021101031101FFC4001F0000010501010101010100000000000000000102030405060708090A0BFFC400B5100002010303020403050504040000017D01020300041105122131410613516107227114328191A1082342B1C11552D1F02433627282090A161718191A25262728292A3435363738393A434445464748494A535455565758595A636465666768696A737475767778797A838485868788898A92939495969798999AA2A3A4A5A6A7A8A9AAB2B3B4B5B6B7B8B9BAC2C3C4C5C6C7C8C9CAD2D3D4D5D6D7D8D9DAE1E2E3E4E5E6E7E8E9EAF1F2F3F4F5F6F7F8F9FAFFC4001F0100030101010101010101010000000000000102030405060708090A0BFFC400B51100020102040403040705040400010277000102031104052131061241510761711322328108144291A1B1C109233352F0156272D10A162434E125F11718191A262728292A35363738393A434445464748494A535455565758595A636465666768696A737475767778797A82838485868788898A92939495969798999AA2A3A4A5A6A7A8A9AAB2B3B4B5B6B7B8B9BAC2C3C4C5C6C7C8C9CAD2D3D4D5D6D7D8D9DAE2E3E4E5E6E7E8E9EAF2F3F4F5F6F7F8F9FAFFDA000C03010002110311003F00A9451457DA9F9A85145140054734F15B42D34F22C71AF566E82A4C561789D9A4B7B4B18CFCF7130E3D8703F53FA5618AADEC68CAA2D5ADBD765F99D185A2AB568D37B3DFD3766E2B2BA87560CAC3208E8452E285458D55138540147D0714B5BABDB53076BE8145145020A297146280128A7628C5021B4629D8A31400DA314FC518A008279E2B581A69E4091AF527F90F535CAEA5E239EE77476B9821E99FE36FC7B7E1F9D27896799F5568640562880F297B10472DEFCFF2AC435E7D7C449B718E87D1603014D41559EADEBE481989E739A898D68E9FA4DD6A6E440A046A70D2BF0ABFE27D8574B69E16B08003386BA7FF006CE17FEF91FD73584284EA6AB63B2BE3A8E1DDA4EEFB2FEB43852771DABC9F41C9A9174EBF9798EC6E987B42DFE15E9B14315BAED8224887A46A17F953C927A927EA6BA1607BC8F3E59DBFB30FBDFF0091E60DA3EABFF40DBBFF00BF46ABCBA7DF45CC9637483D5A16FF000AF56C7340661D091F4343CBE3FCCC98E7953AC17DECF1D6201C1E0FA1E0D44C39AF639EDE1BA5DB710C532FA4881BF9D61DEF83B49BB04C48F68FD8C2D95FFBE4FF004C573D4CBE7F65DCECA39DD26ED522D7E3FF0004F3AB7B99ECDF7C3211EAA7907EA2BA6D2F595BAF94E5261C95CFEA2AAEA7E0FD4AC15A48545E42392D08F980F75EBF966B9D05A390323156539047506B9E152AE1A5692D3B7F91E8DA862E1CD069F9AFD4F50B5D55D40127EF17D7F887F8D6B453473C7BE360CBFCBEB5C2691A8FDAE01BB02453B5C7BFAD6D413C9048248DB0DDFD08F435ED53A8A51528EC7CFE2704949AD9FE074B4950DADD25DC5B97865FBC9E87FC2A6AD53B9E54A2E2ECC5A28AD1B7D29EEB4A9EF639158C2D86880E71D49FF3E86B0C4626961E2A75A564DA5F36ECBEF7DF4F32E8D0A95A4E34D5DA4DFC96ACCEA2968ADCC42A292DE09658A592147922398D88E57E952D759A57842692D6493508E180FDA2DC2196E557E4663BF804F2460007F0ACAB54A708DE67461E8D5AB2B53393A307D2B7AFF4286CF5B480DDDA4B04B77E508EDA7DEF1A6FC7CC31C1038E7BD6AF88A0B383EDF61A6786085B6E1AFBE76DB80093FF00EB350F131BC5455EFF002FCEC69F529A527276E5D3ABBEEFA5FB7538D029715D0DF68704FAAE951699E62DBEA5146C9B8EE2849C3827BE319AD1D3AD743926D7AFFF00B35AE6D6C422DB401DB127257713DC9201F6CF4A52C545479ACFFA76FCC51C14E53E56D2FF0086E6BFDDF99C760D18AE8A4D3CEABE23B2B6FEC96D222B921426D6195192586E03271EDE9526A16DA6CDE1D6BF874C6D382CEA96A5A52CD729FC4483E9D7238ED4FEB0AE95B7F4FF003FC85F53935269E8BD55ED66FA69BF5B1CD628C575B3786E0BFF001AC96164A60D3B11C9E629C811945E549FEF1381EE7DAA58346B0B6D3AEEFADB4F6D5DD2EA488C06523ECF1AB101982F2C4E339F43ED52F194D25DDDBF1EFD116B2FAADBDAC9B57F4DECB7671D8A315BFA7CFA7496BA948346B63241099E2F32491C0CC8AA01191C00DF8E2ADF87B47D2A4B54BBD6D9952F26FB35A46A48CB742FC7604E3D3F4AA9E25413724F4FF87229E0DD4715092D6FDD25676D6FE672B8A315B1A66872DE788C6952FCBE54ACB3B0E36A21F98FB7FF005C56CCDA0D869379AC5CCD03DEDB59792D041BCA87129E0B30E485FD689E26117CBBBB5FEFD054F055671E7D95DAFB936FF2FBCE1EEECADEFA1F2AE61591474CF057E87B5650F0A69C24DC5AE597FB86418FCF19AF4EB5F0FE9D7FA95A4C607B58EE6D5E74D3DA5DACEEAD80A18F215BA8EFD7F0AD6BA447AE78961D3BFB24E9223567B845762C54631F7BBF4191EB9AC9D7A326DCA3B2BBDBFCF5DBA5D1D54E862A9251A73DDD9257D76F2D37BEB667251431C112C5146B1C6830AAA30053B15D83DAE85AEC37F6DA4D83DA5D59C6D342FE6161708A704107A13DBEB54B51F09CF63A5A5DADC24F2A46925D5BA8F9A056E87DC7073F4AD238AA7A465EEBECFF00AFEB639EA60AAD9CE2F996F75EBAEFADFF00E1F639CC5262BB38B40D2A6B0F0C895FECEF7C6433CDBFEF0032073C0E7001F7EF595E248E2B497EC6BA0FF67491B12AE65673228C8EFC1EC722886263397225DFF076FEAC153053A70739356D3BF549F6D37EBF2307069B8AEEF54B2B0B054D3B4EF0CBDF4ED6CB235C9DEC416079C01D78CF515CF5EE9D6E743D26FAC5642F3968274273FBE52318F4C83D28A7898CECED6BFA79F9E9B751D5C14A9DD5EED6FBF96D75AEEB63168AED6C746D1FFE1279EC25B769E0D3AC99A6DAE7F7F32E0B13F4DC401ED58FAB27DB9ECCDB787FFB2A295C468E436242D8C6490071ED44713194B952F3E9FF000E39E0A5087337ADED657E964FA5B776D4C1AC6D67C3563AC2B48544175DA741D7FDE1FC5FCEBD26F34CD296C3578934E7B78F4F0638F519243BA79D5B0536F420F3C0E9D7BD7214E3286222D35A79FF005FF050A51AB839A9465AF97ADBFAE8FA1E656FA75E68BAC9B5BB4DBE62128E3957C7707F3F715D0467815B5AE853A5B6E50489176923A1CF6FC3358717DD14E851F629C13D0F4FEB2F1305524ACF62CC53BDB4CB347C91D47F787715D1432A4F124B19CA38C8AE609E2AFE8F76B13496F2300BF7D09EDEA3F9569B3393134B9E1CCB75F91B75A7A26A5FD9D7E19CFEE24F9241EDD8FE1FE359B45658BC2D3C5D09E1EAABC64ACFFAEEB75E68E1C3D79E1EAC6AD37AA772D6A296C9A84C2D1C3C1BB2840E07B0F61D2AAD14E02B4A34DD3A71A6E4E56495DEEECAD77E6C8AB3539B9A56BBBD96C87DB1856E11AE62792107E6447D8587D70715D768DA968315A4C57491111776CE125BD2C49DCC378E07DDC938E873CD71F4B8A9AD4555566DFDE6987C54A83BA49FAA3A4BAD763D3F5DB9B8D22DDAC67F3E44965130956442FCE15978C900F06B535D74D5AFA791FC5F6CBA7B9CA4019CE063A145EBF8D7118A5159BC246EA49D9AD2FA3FCCD963E6D4A32574DDED76975ED6F9F73B1D3F59D32C7C3BF34FE66A360D71158950C3224FE3C11C0E4F5F4A8FC37AF5D2E9777A5BEAF15905840B47954008DBB279C771EBEB5C9D2E293C241A69F577F4FEBF5611CC2AA945AD1256D2EAFEBF87DC8EB2CCDA58EBD63A85F78921BD96397E603CC930A4119DC78E33D2AA5EDEDA789618E6BAB8FB36B0BB62CB92209973D73FF2CF1DFB7E7C73F4B8A6B0E94B9AFAAF4FCBB12F1ADC5C39572BDD5DBF9DDBBDFCCE9AD25BAD12D966BED5239638326D2C62B9128693F8588070154FCDF502A3D26DB4BB67B3D4A3F111B59936B4F13C4DBF39CB0047DE079FCEB9E0BE82971EF49D0BA7ADAFBD92FCBFAD41632CD7BB74B6BB7BF7BDD7A5B6B1D325C695A86A3ADDD3DFC56497A8F1471491313C9421CE06304A9CF7ACCD66F60B98F4D86CDDBCAB5B448CE548C4992588FC7159BB485CE0E3D693183D29D3A3152BA77B7A76B1357153941C5C6D7D6FAEB777FBAFD8DED63C489A9432ADBD8ADA4B75B7ED9307CB4D81803D97BFBD6D3EA9F66F0DC77515C181EE74D8A18E446C379D0B1047E21BF206B8FB8B536E23DDD5C7231D0FA542B19760AA3249C015C587A984C5D2E7A12BC62DDFE5BEFD34DF6B6DA1DD5E58DC255B6223EF4E2ADF3ED6EBABBADEFBEA695A476DAC4D3BEABACC96F75F2F972CEA64571CF04E78C76AEA2C7C47A7595DE9D6926A0D7062B79609750D8703710540CF240DB8CF4E9EF5C6DD5A1B62A0B649EA7B66AAE28C3D5C2E634DD4A33E68ABAD34B3FBAFE6BA30ADF5BCB26A15A9DA4ECEEDB7757F5B5FA3EAB6F5EA20BBD23C316F7874EBD6D4B509E33124823D91C4A7D73D4F43C7A76A66A5E22116BF67AA594AB36EB38D2E223D0F5DD1B7F9F4AE7D6DA4788CB8F90773DFE950E2B6A51C3D4A924A7CD28E92D5755B3EC63571189A74A2F93920F58E8EDA3DD5F7DF5BFE4757AADCF87B56FECDB082FA4B3B3B78242AEF11611BB32908C0F6C03C8F6E69B71ACC5A368905958EAA2FAF61B933433AC7F2C09B76ED1BB39CE4F1EE6B952BED48456AB0B1B24DB697476F3F9F5D4CE58F9B72928A527A5D5D69A74BDBA69D8ED754BE7D661B59478B2DEDA036C82684BB2B6FC7CD955C679A8341BFD134DB6BBB6BCBC17315A5CC77968C88CBE6C8171C0233C10073C77AE430693142C1C79392FA7924BFAEC53CC65ED3DAF2ABF9B6FA766EDD13F53A7F0BF892EE0BE9E0B8D492DADEE7CE94BBA0216661C3138CF5FC2A3B98904F0DDEA3E2AB7BD961915D634324B9C302403D17F2AE6F14DE6ADE163CEE51D2FE48858E9FB3509ABDB6BB7F95EC755AEEB5A7EBE6F52FA79126B5794D85C440B24A9938465EC7A0DDC7BF4E791A7D453CC96F1991CF03A01D49F6AD295254A3CB1D8CAB579E227CD25AFE7FF0DB7A195AEC998E180752DBCFD0703FAFE5592A3031535CCAF71334AFD5BF41E9517435A9E8D28F241440F02ABCC707AE2AC91C555B8EB513D8DE9EE76B4514E02ACF9F002968A50281053B6E3B500552984B673B5C213242E7E7527A572E2B13F578A9B8B71EAD745DEDD577B6DB9E965997FD7EA3A31A8A33B7BA9FDA7FCB7D936B6BE8DE85E029714D89D264124672A7A1AE9B428229B49BA5640C5A4C371C91B78FEB5C99A6690C0613EB56E68DE3B3E8DEFF00D6E2C165B53138A78497B9257DD6CD747F339CC53B152CD0986668DB92A7F3AB5A55A7DB35186223299DCFFEE8E7FF00ADF8D7554C5D2861DE26F7825CD7F2B5FF001396386A92AEB0F6B4AF6B79DEC549209212A258D90B0DC370C647AD3715D378963DD1C6F8E55BAFB1FF0022B0AD6D5EEAE1614EADD4FA0F5AF372ACE218DC07D72ADA16BF36BA2B7FC0B7F563B731CAE785C67D569DE57B5BBBBFFC1B85B5A4939CED61103867C71F4CFAD25CC02295828E3B575B3451DAE9BE420C285C62B2DAD92521D8026BE29F18D69E3957B35495D72F75DDF9EDE4B6EE7D952E16A1F509516D7B5767CDD9AB68BCB75DDEE5792D4B58448072AA0E3DFBD55B5B3669C1718507247AD6CD2600ED5E361F3FC6E1E35634E5FC46DBF26EF76BB3D6DF77548F62BE4D83C47B27563774EC974BA56D1F75757FBFA3653BFB733C791F781C8A8EC6D0C52195C0C8FBA3D3DEAF13495C987CCB1387C3D4C35395A33DFF00AE97D9F91D75F034311569D6AB1BCA17B7CFF3D755D9905EDBF9F160751D2A84360D248379C2F7F5AD62681C56980CDB17805258795B9B7EBF35E7E64E372DC36394562237E5775D3D57A3EC457118FB31441800600ACDB5B432DCFCEBF22F27DEB609ED4D450BD0F1E95780CDEBE0A355537AD456BF54EFBFAEAFEFB918DCB2863152551694DDD2E8F4B5BD345F758CCD4D7122FA567E2B6EFADCCC80AF51590F1346D87041AFBAE0CC64278378772F7A2DBB793B6DF3BDFF00E09F17C63859C7130C4A8FBAE2937E6AFBFCAD6EF6F221229A454A45262BECEE7C710E293152914D2314EE3B95A69444B93D4F4AC4BC99A563939AB9A8487ED2CBD860566B9C9A5BB3D4C3D3518A7D595CD2014E6EB495474087A553B83C8AB8C702B36EA4F9B159D47646D495D9DF014A0514A05687CE8014E14014E028035AC3C31ABEA3124B05A91138CAC92385047A8EE7F2A76B1E1CB9D12185AEA6B773292BB232491C77C8191559756D456D52D56FAE16041858D642A00F4E2AAF258B36493D49E4D732559CEF26B97B5BF5675CAA61953B422F9BBB7B3F2497EA31235450AAA154740074AEA3C31CDB5CAFFB6BFC8D7360574BE151F25D8FF693F91AF038B22BFB22A25D397FF4A47A3C3F393CCE1293BB7CDF932BEB3A7B799BD1727DBB8ABDE1CB136F149712A957938507A85FFEBFF4AD89A049570EB914AABB5401D057E6B2CFB15FD9BFD9DF66FBF5B6FCBE97FF002D8FBA9657879637EBDF6ADB74BED7F5B7F9EE57BCB54BA8CABAE47A547676305A2FEEA30A4F7EA7F3AB94D73B509AF25626B2A4E8A9BE46EED5DD9BF43BDD1A6E6AA38AE65A276D6DEA66EA3264AC63A93935580C0C50EFE6DC33E781C0A535495958ED4AC92109A613431A8CB55245A4389A4DC2A367A864B854EA79AA516DD915CA592E298D301DEA8BCF2BFDC5DBEED55DA19243FBC99BE8BC57BB85E1BCC710AEA9D979E9F9EBF81E4E273ECB30DA54AC9BED1F79FE1A7E268B5DA2F56151FF0068C23AB55216B10E76EE3FED1269E1157EEA81F415EDD1E09AAFF8B552F44DFF0091E2D7E34C1C74A34A52F56A3FE6CB5FDA69D958FD054535CB5C811AC2724FCA31CE7DAA6B1D32E7517C44B8407E691BEE8FF13ED5D5D86936DA72E631BE52306561C9FA7A0ACF1183CB324AB1A9ED2552AC75514D2B3FEF357B2F2DDAE8674F33C766F4A54E34A30A7256727793B792764DF9DAC9EA60597878E04B7BC0ED103CFE27FA5625D406DEE6588FF0311F876FD2BD0251C5727AF41B6ED6503875C1FA8AEBE1FE20C462F3270C4CB49AD1744D6BA7AABEBBB3833AC92861F2F53A11D60F57D5A7A6BE8EDE48ADA8683A8E990473DCC1FB975077A1DC173D9BD0FE9598456FE91E24BCD29442F8B9B32306090F41FEC9EDF4E959FAB4D6573A8492E9F6CD6F6EC0611BD7B9C76FA57DCD3955E6E5A8BE6B6FBBA33E56B430EE0AA5196BD62F7F54F66BEE6727ABC663BA0FD9D41FCB83598C79AE8F56B7F3AC59C7DE8BE71F4EE3FCFA57319CD74A67561A5CD4D796821A427029E4557989038A6DD8E98AB91CF30515A7A0E9A191AF6E630C241889587F0FF7BF1EDF4AAFA2E9F6FA84F23DCB9631107C8C70C3D49EE3DABAA22B34B99DD9862F11ECD7B286FD470A70A4029C05687922814E028029C054B60005380A00A78152D8800AE9BC28B9179F54FEB5CE015D3784C7179FF00FFD9ABE7B8A75CA6AFF00DBBFFA523D9E1F7FF0A34FE7FF00A4B3788C530D4EC2A16AFC626AC7E9B16478E6AADFCBE5C071D71C55CAC8D49F322A76CE69415E46D4D5E4548C6169CCD49D298CD8AE93AAD7635DB03AD56926541927FF00AF4D9A639089CB1ED4C58F072796F5AF7727C8EBE632BAF760B77FA2EEFF00A67999B67387CAE1EFFBD37B456FEAFB2FCFA2EC85A493AFC8BFAD0100ED52628C57E9797E4F83C025ECA3EF777ABFF81F2B1F99E659DE33306D5595A3FCAB45FF0007E7723C521156ADECE7BA6DB044CFEA7B0FA9AD8B6F0D8E1AEA6CFF00B11FF89A78ECE70581D2BD4D7B2D5FDCBF5B186132CC562F5A50D3BBD17DEFF4B9CE846660AAA5989C000649ADDD3FC3A4E25BEE0751103FCCFF00415B76F616B69CC10AAB74DDD4FE66AC57C566BC5D56BAF67834E11EEFE2F976FC5FA1F579770D53A2F9F14F99F6E9F3EFF97A8C5458D0222855518000C01431A71A61AF8E726F567D42492B22290D61EB70F99684F743BBFC6B6DFAD675E80D1B29E8462B5C2E22587AF0AD0DE2D3FB9FF4BE65CE846BD29519ED24D7DFFD5FE4720569847352B108A4B10A17824F6AC9BCD542E56DC73FDF23F90AFDD28D48D6846A4366935F3D4FC82786AB0AB2A525AC5B4FD53B0DD5EE4476CF02F32483047A0AE6F662ADCB29918B13927924F7A818D6E91E85182A71E54340A64B186069E2958F14CD132BE9B27D935881B38573E5BFD0FF00F5F15D2CB7F6E8700973DF68E3F3AE582F997B020FE29547E64576490C50E4451AA8FCC9FC6B8EBC71527CB424A2BAB6AEFE4B45F79D3CF96D3FDE632129CBA462D455BBB766FD125F324029C2900A7815D6CF9C140A7014014E02A5885514F028029C2A4000AEA3C24BF2DE1F74FE46B9A02BA9F0A0FDD5D9F575FE46BE7B8A1FFC25D4FF00B77FF4A47B3907FC8C21F3FC99B8E2A07AB125576EB5F8D55DCFD32030F0A6B0AECEEBB6F618ADC90FCB5CFCE7FD2A4FF7A8A2B5675D15AB109AAB349B471D7B54EEDC55551BDCB761C0AF632AC04B1D8A8D08F5DDF64B77FD7532CC31D0C06167889EB6D9776F65FE7E498D8E2DBC9E58F534FDB4FDB53DB5A49772EC8C703EF31E82BF5E4B0F80C3DB48C20BFAF9BFBDB3F22A953118EC439CAF29CDFF005F25F7248AF1C4F2B88E352EE7A28EA6B72CB414187BB3B8FF00CF353C0FA9EF57ED2D21B38F6C6BF311F339EA6AC6E15F9EE6FC5B5ABB74B07EE43BFDA7FE4BD35F347D8E5BC374E8A55315EF4BB745FE7F9790E4458D02228551D0018029D4CCD15F20E6DBBB3E954525643A9A6969A6A1CCAB06690D06984E2A948761925665E1F90D68C8783593AA92BA7DCB8EAB131FD2B5C3C5D4AB182EAD2FBDA5FA9AA92A71737D137F726FF4383D46E7CD9A42A4ECDC48FF001AC694EE6356A77E71559BA57EF786C3C30F4A34A9ED1565F23F2EAD5E75EACAAD4DE4EEFE64045308A90F5A611C57410861A8A49303AD2CADB1696D34BBED48868E331C07FE5B49C2FE1EB5327634564B9A4EC87E876CD75AAACA47EEE01BC9F7E8A3FAFE15D51E29967630D85A8821071D598F563EA6A522889E5E26B7B59DD6CB61C053C0A68A78152CC07014F0291453C0A910A073542C35179AFAE2CEE6358A6424A053F797FC71CD688154352D324B99A0BAB5758AE6261F33742BFF00D6FEB4E36D99A53E5778CBAF5EC69815D57859716770DEB2E3FF001D15CC015D6F86D76E94C7FBD2B1FE43FA57CB716CB972C92EF28FE6DFE87B5C391BE3D3EC9FE48D292ABB1E6A790D56735F9054DCFD2603253F2D73F71C5DC83DEB7653F2D615D0FF004B93F0FE55544ECA08AF31217DE9CA9B540F4A42373AFE75285E47193DABF46E0DC3A8D3AB897FE1FBB57FA1F15C69896E54B0CBCE4FD5E8BF5FBC7416ED71288D47D4FA0AE8EDE18EDE211C6B851F99F7355ACE016F163F8CF2C7DEACEEAF9AE23CF659856F6549FEEA2F4F37FCCFF4ECB5DD9DF92650B054BDA545FBC96FE4BB7F9F9F921FBA8CD33350BDD4684804B9F41FE35F349B67BCA25B069C1AB31AF253F742AFE19A8CDC4E7FE5AB7E15687ECDB35C91484D64FDAA71FF002D09FAE2946A1229F9955BE9C50E21EC99A64D35AAA477F0C8705B61F46FF1A9F750AE84E0D6E230CD55B8816689E26FBAEA54FD08C55ACE6908CD529B8B525BA1D93566790DDC2D04CF0C830F1B156FA8E2A9B1CF15D578DEC0DBDFC7788BF25C0C37FBEBFE231F91AE4CD7EF59563A38FC1D3C4C7ED2D7C9ECD7DF7FC0FCCF1B86786AF2A4FA3FC3A7E034D2819A4C734E15E833948668C32D4BA0DE3D9EA02D598F9139C60FF0BF623EBD295F18AA33663659070C8C181FA1CD4B5735494E2E0FA9DC114C615B3268178092BE5303CF0FFE22B3EEACE6B36513A852DD00607F9579B86CDF01899A850AD1949F44F5FBB7386B65B8CA1173AB4A492EB6D3EF20029E0714D515228AEF6718E029E0734D02A45152C45AD3EDD2E6FE1864CEC76E70707A13FD296EA1582F668933B51CA8C9E714BA74A96F7F04B212115B24819EC69D77224D7D3CA992AEE48C8ED5E52788FED36B5F65ECD7A7373BFC6DF81DD6A5F524F4E7E7F9DB97F2BFE24414F1C1F6AEC7465F2B47801E0B02DF9926BCA6E345D76C6FE6BCD12E64BAF398C925A4BC93DCE33C1FD0FD6BBFF0CF881F58D144D369D3584913981A297382540C95C8071DB91D41AF97E2FC64A5878D071B352BBD56D6693F9BBF43E9786B06A35A55A32BA6ACB7DF46D3F4F537646AACED51C97409EB5034D9E057E6F24DB3EE614D92B1CF158D7273752FB1C56A798238DA46FBA066B10B162CC7AB124D5D25B9D5496AC7C63327D055EB38C34BBC8E17A7D6A8C1CBB7D2B4EDBE541EFCD7D92C5BC1F0EDA1A4AA4A4BE5D7F056F99F2989C2FD6F882F2F869C62FE7D3F177F917D5A87916242EE70A3F5A8FCD48A33239C28ACD9277B9937B7007DD5F4AF8851B9F4D185CB12DCBCE71F753FBBEBF5A402A35E0669934AAB1B3C8E1224059998E0003A926BDBCA724AF994ED4FDD82DE4FF25DDFF4CF3334CD6865F0F7B593DA2BF5ECBFA44AD328E07CC7DAB1B54F1469DA5314B8B84F387FCB188798FF0088E83F1C5719AF78C6E6F99EDF4E66B7B4E8641C4928FAFF0008F61CFAFA572878ED5FA0E0F8632EC325CD0E77DE5AFE1A2FCCF989E638FC4BBCE7C8BB474FBDEACEDAEFE23CD922D2C001D9A793FA28FEB598FF0010B59273E5D901E9E513FAEEAE59DAA077AF41E5981B5BD8C7FF00015FE4553A9563AA9CBFF0297F99DD59FC4373205BFB65553D5E21903F0EB5DAE9BAE473C0935ACC92C2FD006CA9FA7A1AF09692AE68FAECDA35E095199A0623CD8C771EA3DC7FF5AB831390E5D888F2BA6A2FBC74B7E8FEE3AA18EC652F7A13E6F296A9FEABEF3E87B7BB8EE07CA70C3AA9EA2AC2B571DA75F2DD471C914BF310191D7B82322BA1B3BDF3BF77200B301923B30F51FE15F9FE6D916272E93725787492DBE7D9FF0049B3DEC166386C6AB53769758BDFE5DD79ADBAA443E29B217DE1EBA5032F0AF9E9F55E4FE9915E57EE2BD7EFEE121D2EEE493EE240EC7E9B4D78E46F9400F5C0CD7DAF00D59BC2D5A6FE18C95BE6B5FC933E6B89A92556135BB5F931F4B49484E2BEF59F300EDC5551135D5CC56D18CBCD22C6A3DC9C53A59828AEA7C09A0C93DE2EB772856DE1CFD9C37FCB47E9BBE839E7D7E95E666B9853CBF093C44DECB4F37D17DFF8267A597E12788AD1825EBE87A25CCA90AB1638551D7D8571B7970D7572F2B77E83D07615ABACDDEE22DD4F1D5BFA0AC535F21C1594FB2A6F1D516B2D23E9D5FCDE9E899DBC59985E4B054DEDACBD7A2F92D5F9B4038A905305482BEECF8C1C0548A29AA2A45152C0701566D6D64B9936A0E072CDE9500AE8B44D8B6449FBC5CE6BC4CFF319E5F82956A6BDE6D25E57BEBF2B7DE7AD92E0618DC5AA553E149B7E76E9F88CB7B4FB30C20E4F53DCD4CCAEDD493F5AB4CC8299E6266BF1CAF8AAB5EA3A955B949EED9FA9D1A70A3054E94524BA22B8809A0C25464F00559F3547A554D526234CB829F7821E958A6E4D2378B9369195757A673B578881FCEAAB4802D67FDABD0D067CF7AEE54ADA1E8C68DB435AC4EF797D80FEB5A909E959BA646459990F590E47D3B7F5AB534863830BC33F03E9DEBD6CDE12A781C2517DA52FBE5FE47CEE0B96AE638BA91E8E31FF00C063AFE3F9097371F68942A9FDDA74F73EB4E45A8625C01561457CFBD3447B32B2D10FC573BE386953C2F37979DAF2C6B263FBA4FF008815D2E303F5A8AEAD61BDB496DAE23DF0CAA51D7D47F8D7ECD9652A54B074E147E1B2DBADD5DBF9BBFF0048FC8F195AA4B1B3AB596BCCF4ED67A2F92B7F4CF0F35139AE9357F07EABA6CEC2DEDE5BDB6CFC92C2BB8E3D194720FE9546D7C2BAEDFC8162D3668D4F592E0794A3F13CFE40D77B67A51AB4DAE6E65630246AA8F2866C29C9F41C9FCABD7749F87BA5D9A2C9A8FF00A7DC7521B2B12FD17BFE3F9575105B41669B2D6086041FC314613F90A8716CE79E654E2ED157FC0F9CE512A0DCF14AABEAD1B01F9E2A0F3430CA9047A8AFA58B39EAEC47B9AE67C45E0AD2B5FB7908822B5BF23F777512053BBB6F03861FAD672A52B5D31D2CDA0E56A91B2EFB9C5F83B5490692A9BBE6B790A0FA7DE1FCCD7A341790CF6AB76255451C92580D87BD792F86619AD62D461990A4B15C089D4F66504115B479E5BAD75428C6BD0519ABA6ACD330C5C79711CF4E5CAD3BA6BEF3A0F13789FF00B4AD8585A67C92419A5E9E611D80FEEF7F7FE7CD2262A4DBCD380C56B80CBF0F80A3EC70F1B46EDFCDF9FE1E89223158CAB8A9F3D57763714C75E0D4E073432D765CE64C7787174D3E20823D5EDC4D04A7626E62155CFDD2C3B8CF1CFAD7AA5F5CA5B40400004180A38F6000AF1CB94C835DF47A83EA56169339C9312973EAF8C1AF87E25C8EA63F1D879464F95DD3D7456D6E96CAEB4F3763E9F2BCD69E130956734AF1575E6DE897DFF85C648CCEE5D8E589C93511152914C22BEBA95385282A705649597A23E1AAD59D59CAA54776DDDFAB116A414C15228AB648F51522D356A402A410F5AB36F7525B290B92A4E7155D455886279A548A242F231C281DEB8330C1D2C6E1E542B6CFF0B6CFE47765F8BAB83C446B52576BA77BE96F98F6D5B3D0D6DD868BAB5F2891E35B58CF20CDF78FFC0473F9E2B5F45D06DEC4ACF2224B75FF003D0AFDCF65FF001AB1E29D524D1FC37757509C4E76C711F46638CFE1927F0AF81A7C3942151F3CB9974E87E9DFDAB39D24D53E4975BBBDBF2306FA2D1B4A90C37DADBB5C0EB14110661F50338FC6A9F9DA55CAED86F6F1411D65B6047E86B91B788BBE492493924F527D4D6F59C6140AEFFEC5C0DADECFF3FF00339BEBF88BDF9BF2FF00228DDF87A48DCBDACC92447A6D078FC08C8A2D744F983DCBEE039D80707EB5D65A28E2A69F4D13219200164EA54746FA7A1ABC364983556F51B6BB74F9BDC9C7E7598BA1CB87B27D5DB5F974BFF48C7DA047803000C0154E76DD3AAF65515A241E4104763596DC5C3E7A838AE3E31A569519ADACD7E4CE6E0E9DD568BDF47F9A2CA0C0A90542ADC53B7D7C2B3EBDA772EC38906C2707B1A1D7CB277E170324938007AE7D2AB2498208383581F127559A1F015DAC2ADE64D247048EA3EE46C7E639EC081B7FE055F4BC3D9D57C2558E19AE6849EDD9BEABCBBAFBB5DFE6F3AC9A18A5EDA3EEC96FE6BCFF0047F7E9B53D2FE20DB6B3E305D1EC2C5E5B460F8BC0C73F282776DC709C6324E791F4AECB19E6B96F86DE1F8F4DF07DB5FA461AE3515F3E5900E42E4EC4FA0033F526BABC66BF43C1E2615E0E519A96BADBA7933E2B1F4151ABC918B4977EBE7FF0C3314D229E4525769E7B4444534AE781DEA522B07C41A91850D940D895C7EF187F0A9EDF53FCBEB5714DBB22546EEC71D770469A8EA32A1045C5E4B3E474393C7E80542466AD489CE31D2A3DA0577538A8C524744E6DB21C71494F2314D3D6B52072D2B74A6834D670075A963456B8600735D8691198F45B256EBE503F9E4FF5AE52CAC26D67538AC6004973973FDD41F789FF003D48AEE8A041B02ED0BF285F4C718AC25560EA3A49AE64AED75B3D9DBCECC9C64251A516D68DBD7A69FF000E446A36152B5467834CF384152A8A8854ABD2931922D48A298A2A45A96048BD2BADF0F580821F3DD7F7D20EFF00C2BE95CCD9C5E75CC684704E4FD05777643E415E4E6359A4A9AEBB9F4990E114A4F112E9A2F5EAFF00434E218158FE30B15D47C3B2C4CCCA1248E53B7AE15BFF00AF5B11F14B344B3C0F0C8328EA5587B1AF2A0D2926CFA5AB194A0D45D9DB43CBA3D3E08F85DE31EA7357208F6B81D6A59EDA4B4B97825043A1C671D7D0FE348BC723AD7B3530D4E71F7558F92A198E228D4B546DAEA99AB6ABC0AD68474ACEB12258C30EA383EC6B5625E2BC9945C5D99F5309C671538ECCCBD66D0232DCA0C073B5FEBD8FE35CE4F6B29B86645DCAC73C1AEBB589552CC45D5A46181E8077AC402AF1397D3CC70D1A75EEACF46B73CB58F9E5B8D954C3D9F32D53DBBF4FBFE6518AC9CF3236D1E83935696DE251C203F5E6A5029D8A784C9B05855684137DDEAFF15F9239F179BE37152BCE6D2ECB45F83FCDB2168236FE01F87150C96A76B018746043230CE47A7A1AB98A314B1992E0B151B4E093EEB47F87EA830B9B6330D2BC66DAECF55F8FE8CADA2FD9F4EB58F4F823F2A18B2224C9C28249DA33D00C9C0FC2B59A18671961CFF78706B2EE20F317727120E87D6A6B2BAF3620C4E1BA11EF5F9E66581C5E4F8AE784DEBB49697F5F3EEB55D4FB0C2D7C366987BF2AD378BD6DE9E4FA3D3B0B3DABC3F30F993D7D3EB55C8A935DF11E9FE1CD29EFF52976A6088E21F7E66FEEA0EE7F41D4D61F85FC451F8AB477D462B196CD527680C6EE1C6E001E1B032307D3835F69C3B9D56C6D3E5C4AD7652D94BCBD7D347E4CF96CE3298E19FB4A3F0F55DBFE07E468DD4EB6B6D2CEE32235DD8F5F41F9D70D2179E4792424BB9258FB9AEA7C46E574C541FC72807E8013FE15CCA0E2BEC28AD2E7829595CE69BCED16E3CB94B4B6721F95CF254FF8FF003ABE59480CA41523208EE2AFDCC692A32488AE87AAB0C8351D95A7DBB52B6B351812CAB1F1D8679FD3353461F548CDCA5FBB4AFE6AD76F5EDA686F39FB771B2F79E9EBDBE64179617564223756F2422640F1EF18DCBEA2AAD753E3BBB13F887C84E12DA258C0F427E63FCC0FC2B97ED4F2AC555C5E0A9622AC7965357B2E97BDB7F2B062E9468D795383BA4EDFD7CC8DCE01A6D959DE6B37EB6363187958163B9828551D4927B0A91D720D436174FA4EB569A826730CA19B1DD7A30FC4135BE2DD65426F0F6E7B3B5F6BDB42F08A9BAB15576BEA7AB7873C356DE1EB36456F3AEA5C79D3918DDEC07651FF00D7A9B54D33CF533423F7A3A8FEF0FF001AD30C0F20E47634EE08C1AFC2296718CA58DFAF73B751BD6FD7C9AEDD2DD3A5AC7E8388CBF0F5B0DF56947DDFCBCD799C3B0EDCE7DEA335D1EADA679B99E05FDE0E5947F17FF5EB9D35FB164F9BD0CCF0EAAD2D1ADD754FFCBB3EBEB747E639965B57015BD9D4D53D9F46BFCFBAE9E961AB52AD442A2BFBEFECFB4F3FC96946E0A4038C67BD7AB6BE88E28C5C9D917D6A5515041224F0A4B1B6E8DC6E53EA2A75150C5B33474B1FE944FA2D76764DF20AE2B4F6DB31FC2BAEB193318E6BC0C7BFDFBF91F6D92A4B071B777F99AEAF5535DBEB8D3FC37AADF59A092EADACE69A14233B9D509518EFC8A955B353A3104107915C763D4B9F2AF823E22DCD96B13C7AFDE4D716D7D2798F71292CD1487F8BFDD3C023B6011D39F6C8D96445747574600AB29C820F420D5C7F845E069F583A93E8881CBF9861595C425B39CF960E31EDD3DABAABDD16CEF406DBE5480001E300703A023A115D986C57B35C93D8F1F30CB3DB4BDAD2F8BAAEFF00F04E634D9C4372158E11FE527D0F635D212B0C6CF21DAAA324D625DE85736A0B2159E31D4A0C30FC3FC2A092F679ED9219181453D7BB7A66B7A94A35A4A707EA72E1F1353074DD2AB177E9FD76EA25CDC3DDDC34CDC67855F41E9518148053C0AE949256479AE4E727296EC5029714528148A484A29D8A08A2E55861AE43C6361E2591ED9BC337B24123B379C8B2AC6186073961D7E9EA6BB122A3947C9903257915E6E6D87F6F85938C53947549ABEA96D6F3575F71DF95E27EAF8957768CB47E8FAFC9D9FDE797D87C2ED5755BF5BCF14EB064FEF2472B4D2B0F4DEDC28FA035EAB6B636963A4269F656E905B429B628D070B8E7F3EE4F535584DC0C1E2A659FF74F8EBB4D7E5F5333C554A919B95B95DD25A24FD11F792C1D370706B47A339EF12A16D3A271D16507F306B9757AEDF50B5373A64B00197D9F2FFBC391FCABCFDA41BB8AFDBB0CF9A3A9F97C92B34BA32594E455549E5B69D6782468E54395753820D3D9F23AD57735D7C89A7192BA6649B4EE8279A5B99DE79E46925762CCEC79269805203CD3874AB51514A3156481B6DDD8D6C552B800A9FA55B76C0AA33B339D8832CDF2803B9346CAECD6926DE87ADF87F5133E99671CA7F7860420FF007BE51FAD6D86E2B928EDDADA18A11FF2C915011EC31FD2B6EC2FCCD88A438971C1FEF7FF005EBF11E23C361238AF6D8292709ABD97477D7D2FBDBD7A1FA164CF172C338E2A0D4A0EDAADD6E9F9DB66FD0D06AC5D474AF3E5F3602AAEC7E707A1F7FAD6B96A859F9AF332ECC31197D6F6D87959EDE4D766BA9D38CC0D1C6D2F65595D7E2BD19C82D3DA249A268A45DC8E36B0F514C5A956BF7967E3E67E8D697760D716B280D6CAD985F3C9CF5E3FCF35B4B559E78605CCB2A463FDA6C525A6A16B7733450C859906E3F29008F6AC6A6229FB450949733E97D7EE3B1613155A9CB131A72705BC92765D37B5BF1356CCE2603FBC08AE82C2E70B827A57328C41047041C8AD485D9D95E21F7BA8F43DEBC9CCE0A0FDB3DADAF95BFE01EF641885283C3BDD6ABE7BFE3F99D4457238E6AD2DC2FAD72E6E58708C71FDEF5A8CC8C7AB93F8D7C4D7E25A3095A941CBCEF6FF00367D7C30136AF2763B11703141B903BD71BE73A9F95D87D0D4A9A8DC2757DE3D1BFC6953E26A4FF894DAF469FF0090E5974FECB3AA92E411D6B03518904A254C0DC7E603D7D688EFD25E0BF96C7FBDD3F3A82F22BC2D1E21678F782593E6007F3AF6B019C612AD45ECE767D9E8FF001FF33CCCC3052746519C7A5D7AA2214F14C14F15F507C721C29C053453C54B35414528A0D22AC34D348A71A4E8C091900F4F5A68892206B75072CAC14FE1F95417F7F65A569F25DDDCD1DADA47F7E590F19F4F73EC39AF36D47C31F1074AD62F2EF45D566BB8AE2567CA5D056209C80C927CB91D38F4AAA9E01F17F892F239BC4FA998A243FF002D2613381FEC22FCAA7DFF009D783FD9383588FAC2A3EFDEFF00DDBF7B6DE7FA1EE3C5D7741529E21725BFEDEB76EFE47A7D8DFDA6A76515ED85C24F6D28CA4899C1C1C1EBC820F635C2788E18AD35B99216F95B0ECA3F818F247F5FC6BB8D2F4BB3D134C874FB24296D0038DCD9273C924F724E4D79E5FCE6EEEE5B86EB2396FCFA57D4E1799BBB3E7DF2A72E5D8815B8A6352AAD057D6BD1461D466682D814531FA531A209E6C0AD9F096872DDDDA6A972856DA23BA10C3FD63F623D875CFAD61C770B697F04F2C492C71C819E375DC1867918FA57AAB483A0395ED8F4AF8BE2FCDEBE0E8AC3D28DBDA27EF765B3497769EFD9E9A9F5BC3B9753AF275A4EFCAD69F9302A0F5AA93B985D64438642187E1561A4155B1F69B948C901739627B01D6BF2E8799F7B056DCE899F8CFAD51B8B948DBE66C54377A82A82B19C9F5FF0AC695DA46DCC6BDFC8F862BE61FBDABEE53EF6D5FA27D3CF6ED73E5337CFE8E5FF00BB87BF53B745EAFBF96FDEC44A6A65E950AD4AB5FAE33F2F207D2AD26B96B89519D9FA82DC55E8208601B6189231FECAE334D5E952AD73C70D469C9CE1049BEB6D7EF3BAB6638BAF4E34AAD594A314924DBB24B6D36D3D0956B46D06CB676CFF00AC6DBF80FF00EB9FD2B396B4A139B2888FE16753F9E7FAD7CDF17549C32D6A3B4A514FD357F8B48F5B85E9C6798C79BA26D7AFF4D8FE948588A8CBE0D217AFCAAC7E9E90F2F4D2D8A88BD30BE3BD3B16A258F32A5B7D427B56CC6FC7F74F4ACF32714C3363BD3E429D34F4675706A5637F84B98C24BFDE271F91FF001A965D28F2D6F20907F75B83F9F4AE3BCF1EB57EC7599ED485DDBE31FC2C7A7D0D7B182CEB1B83B284AF1ECF53C7C6E4587AF7928D9FDDFD7CCD56478D8A3A946F4618A5157ED753B6D422DA70F8EA8C395FF3EA286B3B76398E5651E8466BEB309C5584AB1B57F71FDEBFCCF96C464788A52B53F797DCCA229C91BCB2048D4B31E8055D4B2B7072F2BB7B018AB2B3470AED85020EF8EF5789E27C1528DE9BE67F7050C9ABCDFEF3DD5F7B1B16911AAEEB99496FEE21E9F8D48DA7D891811303EA1CD44D70C4F5A4131AF9CABC4F5A73BA7647B54F2AA108DB953F52ADEE986143242C5E31C953F787F8D661AE8D27F7AC4BE844570760C237207A7A8AFA6C933B58C97B1A8FDEE9E7FF0004F0736CB161D7B5A4BDDEABB19D7A48B0B923A885F1FF007C9AF2FCF41ED5EAAE1594AB7DD6183F435E61796CF67772DBB8F9A262A7FA1FCB15F63856B547CFF4646BCD230A030A0906BB08236A8DBA548C6A176C0AA1A451BE1FBB6FA1AF4F8815B68431F9846A0FD702BCEF4FB33A9EAD6F6A0654BEE90FA20E4FF87E35E90E7249E95C38CA146BAE4AB1525E6AE695313570EE2E8C9C65E4DA216E7B9A67DDCE0F5EA6A46A89ABCEA59365F4E5CD1A31BFA5FF0036C2AE7799548F24ABCADEB6FC927F88C6A85BAD4AD511AF591E48C5A956A15A95686513AD4AB502D4CA6A18128AB76B32C65924E237EA7FBA7B1AA6B52AD726330B4B1742542AABC65FD5D79ADD1D386C454C3558D6A4ED2897258CA9C7E208E847A8AAEE5853E395D5768395FEE91914A70DD80FA57E7588E10C6D39B545A9C7BDECFE69FE8CFD0F09C5B839C17B74E32F4BAF95BF54556908EB4D5324ADB6352C7F955B104679233F5AB08028014003D8574E13842AB77C4CD25D96AFEFD97E24E2F8C284636C2C1C9F77A2FBB56FF02AC5628E4EF9F7329C32C647CA7D0D4FFD9B6C472AC7FE066B9C66FF008477C55E613B6C3513F31ECAF9EBF813F93575C339C639CE315F57FD8797E1E2B969A6ADBBD7D6F73E6EA67798D59733ACF5EDA7E09181E216B0D0B479AFA4326F1F2451EFFBEE7A0FA7527D81A6E93657F7DA45BDE4E91DBCD2AEFF00249270A7A127B1239C7BD6FDE58C1731FD9EFAD6399321F64C818647422A6CE4E6B8259260312FDA462B95AD397F3BA6D33B2967F98505C8E6DC93D79ACFE5AA4CC065BBB370EEAF1B29F964078FCC56E69BAEACE561BA21253C2BF456FAFA1FD2A5EA3DBD2A8DD6950CC0B45889FDBEE9FC3FC2BE7F30E12972B961A57F27BFC9ECFE763DBC2F1351AF6862E3CAFF00996ABE6B75F89D1648A33583A76A3359C8B677FC29E23949E9ED9EE3F956ED7C357A15284DD3A8ACD1ED696528B4D3D9AD98519A28AC40706C554BCF990FA8E4559AA974D8E3D6BB72FC4CB0F898558BD9A7F8ABFE1731C45055A8CE9BEA9FE5FE7629A46F348238D4B3B74028D47C0116AEE93CF7FF0067980DADE5461B70ED9C91C8AD1D36330A9908F98FE82AE3DC37635F7198F17BA55DC30BAA5A5FBFA797E7B9F3580C8A2E9A9E217BCFA76F5F3385D4FE175F4311934DD422BB61CF952A794C7D81C904FD715C05C2CD697125BDC44F14D19DAF1B8C153EE2BDE63BB22429BC165C6E5CF233EA3B56078BBC3765AFC0978E5E2BA8060C9101974F4391DBA8FC6BD2C978C3EB15634712BE2D13F3E9F26466192C29D3756974D6C78FB4C315122CF793ADBDB44D2CCDD11473F5F61EF5DAC7E0DD311B32C97537B33851FA0AD6B6B3B5B188C56B6F1C287A841C9FA9EA7F1AFB775D743E59D68476D4CCD0B445D1ED98C8CAF772E3CC71D00FEE8F6FE752C7AADACDABCFA6217FB4C081DF2B85C71D0FE22B45AB91B3207C48D50679FB30FE51D70E22B4A1285BED4ACFEE7FE4674E0AB7B494F751BFE2BFCCE99AA334F6A8D8D75A38991B1A889A918F1511AA4218B52A9A854E2A55A1944CA6A553CE3BFA77AD3D1745178A2E6E9996DF3F2AAF0D27BE7B0FE7536A9AEBE9B73269FA4C115A2C78124AA80BB1233804FD7AF5AF9CCC388F0B849BA51F7E4B7B6C9F6BF7F4D8FA1CAF86F158F4A77518BEFDBBD8A31D9DE38DC96970C3D442DFE14AD1CB17FAC89D3FDE523F9D546BFBBB8399EEA793FDF958FF005A92294E7927F3AF065C6734FF0082ADFE27FE47D0FF00A8E92FE3EBFE1FF82595352034E88AB7500FE153086361F771F435B53E35C2B76AB4A51F4B3FF267056E10C4C3F875232F54D7F9A3275AD4BFB334A92653895BE48BFDE3DFF01CD59D1D6ED34AB717B2B4970577316EA33C807DC0A65FE8316A17B697124EDB2DCE7C92B95639CFF415A3E5C80F63F4AF668F126555A0A31AA93EBCC9AF96AADF89E756C8F1F463674DBF4B3FCB5FC086EACADAFE258AEA04991583856EC455B07B8E3E95180C3AA9FCA986EA14B94B769516670596327E6603D0577C71146A47DD9A6BD53DFE6F7383D8568BE570775AECFA6EF6E9D59A71DD0917CBB95DEBD9BB8A84E379DA495CF19F4A84114EDD81CF15E6C30D82CBA72A8A7C8A5F65C928DFBA4F66FADB4F23B3DA62719150E5736BAA4DBF46D6FF003FBC941A5CD5769D573C1A85EFC2FF00CB3CFF00C0AB29E7F96C1D9D54FD2EFF002475D3C93309EAA93F9D97E6CB72C51CF198E450CA7B1AB1A7B48886DE462E107EEDCF52BE87DC7F2AC73AB053CC3FF8F7FF005AA0B9D58C96CEB6C5A1BA03742E7054383900FF00B27A1F626BC6CDEAE559A5169544AA2F85D9AD7B3D367F81EBE5F82CDB05349D36E0DEAAE9FCD6BA3FCFA9D6D15574DD422D534E82F61528B2AE4A3758D81C321F756047E156ABF36945C64E32DD1F4A9DF50A85E30F202474A9A9292761A76177055E48000EA6BCAB5DF13F88FC6125DD978348B7D360CA49A8B3F966E1C7F046DD87B8FCC03CF6DE2BD3B51D6B4E8B4AB3945BDB5D49B6FAE0361D60032CA83B96FBB9EC33EB572C748B5B0B386D2DA048608542C71A0E147F9EFDEBBF0D56961E2AAB4A53E89EA979B5D5BE8BA6FD89E5E7767A2389F867A169B62B717F0ADEA6AD936D7CB79265E370431181C107820F391F8D7A348F8420F42306B360D1D6DF5C9F528DC2F9F6E90CB185FBCC8C4A3E7D40665FA63D2B6E44493429DC22F99136E2D8E71C7F435AB73C6E2255212D5479B5F257B2F4E9E427CB18A8B5A5EDF79C81E38F4E2A3634F63924FB9351B57EE10BB8A6F73F209DAED218C6A12881CB845DE460B60648F4CF5A90D46C6B4B1031AA3634E6351B1AB440C6A88D3D8F3519AA4046A6AC5BC6679E3881C1760BF99AAC2AEE9AC1751B627A79AB58E2A72A742A4E1BA8C9AF549B5F91BD0829D58425B3697DED23BA84AA055518450140F403A562F89B47797FE2656685D828F3E35EA40E8C3D78EBF4CD6B2B62AC432E38CE0F6AFC22857B36A5ADCFD821274A4A50E9D3C8F365B918CE462A58EE39C8071EB8AEC2FF00C316B7B71F6AB7DB04F925971F239F523B1F7159571A75ED9FFAE81C2FF7D7E65FCC57D4E5394E1B1F17CD59465D175F5D5AFC0E4CDB8867826BD950734D6AEF649F6D13FBDD915AD6E43639AD589C119AC9DA8E73804FA8EB53C723C7FED0FD6A732E13C6504E747DF5E5BFDDFE4DFA1CB83E29C162DF2D4FDDCBCF55F7AFD52F53501A5155A29D5FA1FAD580735F232838BB49599EF74BA274ACDD73424D5A259626F26FA21FBA9738CE39C1FC7A1ED5A29538AAA5395397347708549D3929C1D9A31743D42F2F2DE68750B6923B9B6608EECB80FF00FD7F5C71D0D5C90F356E4248EB54E5EA69CE4A53724AC53929C9C92B2EC577355253C9AB1255394D5C11D1045695AAA962D22A8EA481534A7AD4BA6DA99EE7CE61FBB8B9CFAB761FD6BB68C39A491D0E4A1072669683706C75C9AC58E21BD0668BDA651F38FF0081200DF546F5AEAAB88D4C4B1C22EADC66E2D5C5C443D5939DBF88DCBFF02AECE19E2BAB78AE206DD0CA8B246DEAAC323F4358E6D4796A2AABED7E6BFE07E4786B4761E4E05539EED636C679AB521C29AE5750BC0BA8EC20B28EB838C57061A8FB5A8A17B79BDBE66D4E374E566EDD16EFD36FCCE8E1B859475A9F35CEC130501E17DCB571750E30D906BD0C56478DA125FBB724F671F793F46AE7153CC3095AFCB3516B752F75AF54EC6A33850493554EAFF6582EA111091674D832D8DA70467F5ACF96F59B85AA8EC58E4F5AFA2E1CE1CC5FD62389AF1708C7A3DDF95BB77BFC8F1739CF30D4A8CA8D09294DE975B2F3BF57D92F9997AAEA82C55618479974F80898CE33DCFF0041DE934CB59ED6DD8DCCCF24D2B6F605B214FA7F8D5B68213722E0C486655DA24C738A526BF43861E6EBBAD5257B6914B64BAB7DDBFC0F93AB8FA31C0C70787859BB39C9D9B934DD92FE58ADFBB7BF6109A898D398D46C6BB51E431AC6A2634E63556F2E56D6D649DD599506485EA6AD2BB12577643D8D464D360B84BAB749E324A38C8CF51EC68279AAB034D3B31AA6A4462AC0A9C10720FBD400D4A0D0D5F4656DA9DA5BDD8B881255E8E33F43DC543A86B96BA6445A46DF2768D4F3F8FA573D6FA84967677047DD55CAFB31E2B8FB8B8B8BFBC30C67748D92598F007726BF21C5E411C2E3274E6FDD4EEBD1EAAFE9B7CAFD4FD9F206B32C247133D3A3F55A3F97F9F91D45D7C40BC0E444C912FA2AE7F53572C3C7F7E854CEB1CD1F738C1FCC5708FA4A062249A463FECE141AB514422E01E2B47468A8DA28FA5580A0D59C15BF13D8AC2FF4CD72DBCF4821931C3ABA0DC87DFF00C6AC1D2B4B938FB285FF0071D87F5AF29D1F577D1F508AE031F2B705957D509E7F2EBF857AC23E390723B1AE2A98FC5E0E6A30A92517B6AFFCCF97CCF25C353A9AC134F6BA57FC8864F0E58C9FEAE49A36EC77671F9D63DDDB5CE9B388E42B221E55BA66BA359B06B1F5D9FCC78D3AED1935DF83C44332C4428E2E3CFCCED7DA4B7D53567A79DD1E2E269CB03869D5C2BE4E557B6F17B74775ADFA599523BC41F7D597F0CFF2AB22F6DF1FEB3F435940D3B35EDD5E0AC2B77A7564BE49FF0091E2D3E2DAF6FDE524DF936BFCCBF25E427EEEF6FA29AAAF2C8E7E5871EECC05301A72B64E0727D055D1E0DC1435A9394BEE5F95C27C57897A538457DEFF005430C533F578D3E8A4D34D886FBD3BFF00C0540ABC96B3BF3E5951EAFC54EB6F1C5CB1DEDFA0ABA997E49835AC149F6BB6FF003B1B61F1B9EE2DFBB2E55DECA2BF2BB3297458A41932CC17D723F4E2AD889218D628976A28C01566472C7AD40D5E0579529CEF4A9A82ECBF53EA30F1AD0A6A35AA39BEEFF45656294C3838EA391573C272FF00C4A24B23D6C6E1E05CFF0070E1D3FF001D703F0A82519A6E84DE4F882EE1CF17368928FF007A37287F474FCABCDCC61CF8697959FF005F266AFA33A0B97DB1135C4DC3F9B7B33FAB62BABD4E6D90903A9E82B9444218EE07767915E3E169C941D4B69B5FF13D0C2B8ABABEBDBCBFE1C9E0CA9C8241F515703311923F1155A35AB909C1AF632FCEB1597CBF76EF1FE57B7FC0F97DCCF3B35CA30B8F57A8AD2FE65BFF00C15E4FEF4479A6135A3F678A61C8DA7D578AAF369D3202D19120F6E0D7DDE5FC5581C4DA351FB3979EDFF816DF7D8FCFF1DC398CC3B6E9AE78F96FF77F95CA4C6984D2B704820823A8351935F4D169ABA3E79A69D98D26A3634E26A36393C56888229A78A1DBE6C889BDB6AEE38C9F4A6B80E195C6548C107B8F4AC472357D7F6FDEB5B3EBE8CD9FEA47E42B699AB471E5B1A4E1C96EE636990DC585EDCD99476B6FF591C98E07E3EFFD2B4C9A526984D36EEEE29CF9DF33180D48A6A114F0693105DB91A7CC077C5737A5CCB16AB2073832C7B573DCE41C574E40742ADD1860D729A958CB6D2B6F85D93B3A8C8FFEB57C667F849C6BFB7B7BB2B2F468FD6781F32A15305F526ED3836EDDD377BAF47A3F97435A6FBC6A12401580751B95215277600F46E7F9D69ACECF102C306BE75D368FBD8CD6C25ECB8B6900EA5702BD96D2661616DB8FCDE52E7EB8AF1CD32D8EA9AC436EBCC68E1E53DB8E40FF003EF5EACB3A80067E50315E3E6B67C905BEE78F99CBDA3497434FCFC0E4D5283C8BA32CD709BF73FC9924600E3B5539EECCE7C8B73B98F0CC3A28AB31A0550A32001802AF2D84E9CFDAAD1AD8F17114A12A6E13574FA32C0B5B13FF002C8FFDF669E2D6C47FCB1FCDCFF8D4229C3EB5EFFF006862BFE7E3FBD9E6FF0066E0FF00E7D47EE44C23B34E96D1E7DC67F9D4826DA308AA83FD918AABB80A6996B2A989AB3F8E4DFCD9BD3C352A7FC3825E892FD09DE527A9A819B3DEA32F9A6B300324E05734A573A1447E493547568AF25D3A58EC2F059DD363CB98C424DA73FDD3D73D3F1AADA97882CB4B55F364FDE48711C6A0B3C87D15472C7E82B3043A8EBB96D477D95837FCBA23FEFA51E9230FB8BFECA9C9EE7B5118DBDE7B7F5F794FB12F87B5A9758D3E6FB50805EDA4ED6D71F677DD1B30C10CA7D083FCEAFDB4BE578974C6FF009E897109FC5038FD63AAF6D616F613DC4B6EA2359D62531A8011446A557681D383FA0A865B8D9AC692C0F22EC8FCE2905658A519427CBB34FF00208C5B5666E5FCDE6DC85ECBC9AA9222BF27861DE80DB999CF563FA504D7D7E41955386551A55E37E7D5A7E7B7E16FBCF83CF333A8B3373C3CADECFDD4D796FF007BBAF3B088B5610557DD83915622951F8CE1BD0D7C6E7990D6CBE4EA4139527B3EDE4FFCF67E4F43EB728CFA96610509FBB516EBBF9AFF002DD79AD4B31B62ACAC9EF54F38A1A74850BC8E1547726BE711EC38F36C4B7F1452DB3C8E0065190DDEB9F26A7BAD41EEFE5405611CF3D5BFFAD5549E2BF53E11C2E2E86164EBDD4656E54FA777E57EDF3F5FCEB8A6B61AA62231A367357E66BF057EAD6B7EDB5FB21351B350C6984D7D723E588D638E32E638D10B9DCDB46327D4D2134A4D464D50C426A326958D309A63105381A6034E069B40480F3449189531B9948E8CA7914D069E0D65529C2A45C26AE99AD0AF568545568C9C64B66B7326E74DBE663B0C12FB96287F2A4B7F0EDC5C3E2EEFADEDA3EEB192EE7E848007EB5B40D25C58DE6A3653C3637296B3E06D99D3784E7B0F5AF9ACCB25A14A93AD4A5CB6DEF76BE5D57E27DCE57C619856AB1C3D75CDCDA26924FE7D1E9E86AE9F6361636AB6F6B146117B9C1663DC93D49ABCB0C0793121FC2B84FF00847FC6B6FCC5A9E9373FF5D236427F25AB1145E3983EF5AE932FFBB74EBFCEBE4E5878B77E64FF00AF347D37B67E7FD7CCEF119146D50140EC38A94482B84F3FC68073A4589FA6A14093C667FE61962BF5BFCFF2147B36BAAFBD1174FBFDCCEECCC0531AE5475602B86687C69271E5E93103DDA795FF0090A91344F13CE3F7FAC5841FF5C6CDA43FF8FB50E1DE4BFAF90D5BB3FEBE675CF7F02F59173F5A827D5EDADE3324B22C683AB4842AFE66B013C253BE3ED9AFEA72FA884A5B83FF007C2E7F5AB76FE11D0EDE4129D3E39A51FF002D2E499DBF3726A2D05BBBFCBFCC7AF6FEBE433FE130B6B9729A6453EA32038C59C45D47D5CE107FDF541835FD4FFE3E278B4C84FF0004244F39FF008111B17F00DF5ADC0A88A140014741D8521900A5CC97C2BF5FF803B1474FD12C74C6792088B4EE3125C4AC6495FEAE79C7B0C0F6AB8EE14714C79B154E6B8F7A97793BB1A5D87CF3800F358E1DEEF5DD3638C13B6E0BB63B288DF27F51F9D36F6F02A9E6B5743B436766F7528C4F700707AAA761F8F5FCAB2C4D454A9B6FA9D14A9F3178FCA31E94D2D51C9285049229AB2065047435F5DC379DD4C7F351AE973455D35A5D6DB775E5D0F80E26C869E5FCB5E837C927669EAD3DF7ECF5DFAF5D4748E563761D554919F61589E17D56E758D1BED377E59944AC9F22ED180011C7E35AEFF3232E7AA91CFB8C561F8534CBBD3348FB25D22A4EF39215583704281D3E95F45539BDB46FF0DA57EDD37FC7F13E6E9F2FB093FB578DBBF5DBF0FC0E8E41770C31C85E448E4FB84E083F9D5375DEFBE57695874DE781F415AFAEB8492DED53EEC31FEA78FE42B1CB5793936130989A10C73A118CA576ACBA5DF2BF5B24DE9BEC7A598E3F1B46A4B08ABC9C5593D7AD95D5D6B6BDD6FEA29351B3505AA326BE88F0809A613484D309AA0026A326949A8C9A630269A68269B5480D3D234E87528AE53CD65BA450625EC7EBF8E07E359E41562AC0820E083D41A759DD4965771DC47F790F4F51DC559D56EADAF2FDA7B68DD15C02DBFBB7735E6C3EB54F1F38CAF2A53574F4F724B471F492D56FADCEE9FD5E7848CA3A548BB35FCC9EA9FAAD9F958A80D381A6039AA50EA0C75396CE74543D6223F887F9FEB5E95AE71C60E49DBA1A60D69E953A466547E0B0047E15920D3C1AE3C6E1962A84A8B76BFF00C39D381C5BC262235D2BDBA796CCE985CDB81CBE290DDDB8FE2AE6986EFE371F4359D1D8F88EE2E6455D4B4A86DC1F91CDB3BC847BA938FD6BE231793E2B0F1739DB95754FFE05CFD0B059DE0B17254E0DA93E8D5BEE77B33B2FB5C19E187E74F5955F9539AE6A2D075323F7DE27BAFA5B59C317EB826B76CEDFECF6D1C2679672830659882EFEE480066BC99452D9DCF5EFE45D193CD1D29548029ACE3D69728AE19A697A89E503BD40F703D68E51961A4C77AAD24D8EF5565BA1EB54E4BAEF9A7CA5245D9271D8D66DCDD75E6AB4F7B8079A4B2B292FD84B2E52DBF22FF4F6F7AE9C3616A6226A9D3577FD6E6389C551C25275AB3B25F8F92EEFFAD892C2D9AF24FB4CAB98233900FF00191FD056BCBA92F24BFBD48BB5142A00AAA3000EC2AACF616F704B3AB2B1EA51B19AF5B1FC28EB460E8CFDE4B5BECFCD763E7703C6508549AC4C3DD6FDDB6AD2ECF6BF7BAF4B5AC6DD85BAF90B3CA034CE3201FE007A01EFEF4DB86E48AAB1EA00E57BF4C54CF6F330DCCC13DB1935F9FC9494B55668FBC493D5BBA65566C315A6EE20E41C11D3149243224BB8B865039E306A32D5FAB70DE3258BC027565CD28B69F7F2BFCBEF3F27E27C0D3C1E60D528DA3249AED7EB6F9F6DAE4B2CCF2B9791D9DCF52C726A12D484D30B57BD1828A518AB247CF36E4EEF7149A6135B1E19D32DF58D645A5D190446277F91B69C8C7F8D6F5E68BE0DB0BA92DAEB50B88E68F1B94C8C71C67B2FA1AC6A62614E7C8D36FC95CECA380A9569FB54D257B6AEC70C4D309AF471F0FF004E96F229A2BA95AC5A2C95126599BB10D8FBB8FE95C16AE2C13529A3D33CC36A876ABC8FB8B91D5BE9E9FF00D7AAA38AA759DA170C4E02AE1A3CD52DABD35DFCFD0A4C6986949A6E6BA91C4069A4D04D34D524000D2834DA5CD3024154B52B16BB8E3785825C44728C4E38F4FEB56C1A752D532A137097321CA5B68DE416C7CC474CF7A7034C14A0D43112034F0D8E41C1A881A5069357D1826D3BA2EC774CBD4E6AC0BE5C73C56606A76411CD7CF62F8768556E545F23EDBAFBB75F23E9B07C5188A2942BAE75DF67F7ECFE6BE6699D4001D6A1935018EB548DB0719D8DF55C8A85ACD4F49641F91AF15E47886DAA728CADDA4BF2E87D04788708927563385FBC5FE0FA965EFF00DEAAC97D9EF4A9A3BCC32B349B7D768A43A2A2F32492B0F6207F4AE3FA84956F6129C54FB7346FFF000FE5B9DFFDA943D8FB78C66E1DD4256FF86F3DBCCAB2DE8009CD408D7178716F1B38FEF7451F8D6B476169190442AC7D5CEEFE75683700761DABDBA1C3AEF7AD3F92FF0037FE47818AE2D8256C353BBEF2FF0025FE650B4D1E346125D3099FB20FB83FC6B57754432C401C93C002ACFD91C2E5980F615E9D5C465F94D3519B51BFCDBF3D35FD0F0A14732CEAAB94539B5E892F2E897E645BAAD2D9C85373FCBEDDEA181556ED031040E6B56495593AD7CE675C4AD28C3013D1ABB95B5F4D569E7A763E8725E17D653CC20EE9D946FA7ADD3D576D7B99305BC716A8B36E39552707A13D335AD24AA56B9EBFB96B79C483A74340D4C3275AF8CAF52AD797B59EADEFFD23EF2961A14A11A70D12DB56ECBE65E9E400939AA2240C323A66A8CD7CD2B7971E598F402ACA2F971AA67381CFD6BEBF8370F56356A54FB36B7CEFA7DDAFDE7C7F1BD5A3F57A54BEDDEEBBDAD67F7BB7DDE4485A9A4D34B007A81F8D34B8F51F9D7DF9F9C1D3F81A448FC4A19DD557C8939638FEED75F0F8A1A5F184BA23408F01188E58C96C9DA1BE6ED8E48FCABC9D994F0483EC6BA4F0B78834BF0FC53CD2DADC4D7927CBB9368554EC064E793D7F0F4AE0C5E154DBA96BBB592FD4F672EC7BA6A345BE549DDBEEBB5AC7A2C9FD99630C5A2BFEE619A1758D4B100A8E0A8627AE1BA7A7D2BC8757D31F48D465B52C248D0FEEE5520875EC78EF8EB5D15FF8C6C75BF0F3596A9692FDAB9659610A515C67691939F63F8D7180AF6DBF853C061EA52BB9FCFCFCD30CD71746BA8AA76696CD74F268534868CFB8A6920F435E92478C04D34D191DA8AA00A5009E94D0699344B3C5E5B3328C8395A8A8E518370577D15EDF89AD08539D58C6ACB962DEAED7B2EF6D2E39EE218BEFCCA0FA0393FA54C0D558ECADE3E91EE3EAC73562B0C3BC4CAEEBA8AEC95DFDEDFE88EBC7C72F8F2C70529CB7BB928ABF6B2576BAEEC7834B9A603EB5662B59655DC0617D4D3C4E268E1A1ED2BC94577673E1B0B5F133F67420E52ECBFAFCC8852834E7859091D6AEE9F6AAC37BE093D2BCBC567B82A3857898494D5EC92DDBEDE5DF55B773D4C2F0FE3AB62961AA41C1DAEDB5A5975D37ED64F7EC530AD8CE0E2AF69D1A17DF260FA0356E78420EB5962E02CACBD0835F1D8FE29AD8CC34A8421C8DF54FA755B2DFCBA5CFB5CBB8468E17111AF2A9CE95F4692D7A3DDEDAEFD6C6A5CECCE56B3E765F35037738A56B95C649ACCBBB9325D44231B8E7A0AF9DC0CF114ABA9E1DB52E96F3E87D3E2B0F42B50953C4A4E1BBBEDA6B7F2B773AB85E330003038AA73B2AB13918ACE82FD5631F3D55D43525303053CE2B0F67394AC6B18287A1BB696293279CF9DA7955FEB45C5BC6BD100FA53A0BA5112E0803031F4C5326983F7AEBAB9AE36A35295595D68B56B6F46BEFD6E79D4728C1D3724A8C6CDB6F44F7F54FEE564BA11DA6C4BA3939C0E3DAAFCD22EDED5CE493B0BECC67385391539D4415C13558EAB8AC538E22BEB7564FBF2E9FF0FE6EE5E0B0785C2F350C3D959DDAEDCDAFDDA69E4ADD05BC9CC2C241FC279FA528D514C60EEC82320D63DE5EB5D482DE0F99DBF4F73ED578451889232A195140048AF4B2AC82AE614A52BF2DB66D68FC8E1CE78828659521094799BDD26AE977F9BF420BCBCF3FE441B99B800549059C715B2C6EAACDD49F735222471FDC455F7029777A57D8653C3D4B049BAB69B7E5A2FBCF88CEB89EAE39C6387BD38AD77D5BF95ACBCBEF08E38E207CB455CF5C0EB4E2D4C269335F43084611E582B2F2D0F99A9527524E736DB7D5BBBFC4F4DF0AD95B49E0D8AE4E976F79700C985644DCE439C0DCDFD6A7B79F4F6D5A1D2F51F0DDBD94B711B345B96270F8EA3E5E9C67F2AE774CF14D9E9FE097D3E3B89A2D442C9E5948CF0C5891F374EF47877C4B656D2C9A86B77D73737C018E153116F2D3A9C1E9927F97BD7913A155BA9269EEEDBDFCADADAC7D1D2C5508C69534D6CAF7E5B79DF4BDFB1BD796DA3E80DA4E910D85BCD35D5C2A6F9A2576D9BBE66248E4F381FF00D6A935AF095B4FA9E9D7F656B0AF933C62E215401648F77271D323F51F4158D7DE30D2B55D32D6E66568354B4904F0A796CCBBD4FDDDC3F85871EDD7B534F8E608BC522EE132B69D3C0893A329DC8E33F301DC8CE0E3A8FA0A98D1C4EF14F995EF7EBFD2DBCCD2588C1BBC64D72B71B5ADA7E1D1AD7C99D43F8674A4D564D4E6B4B7F2E3842C7108C055C64B36DE84F3FA550D0F50D27C6293799A4C71B5ABA32EF556E0E4A9C81EDC8E9F5AAA7E20E9C35874632C9A7C912E1FCA398DF2720A9E4A918A823F13785BC396571FD868D34F31DDB02B8191D32CDD00F4159AA35F96D28CB9B4B3EDDEE6AF1186E7BC2515057E65A5DF6B68686B5E19B59FC43A249059C31C025713AA4602B0037AE401EA31F8D45AAF872CEEBC4DA14F6D6B08B46DE661146023051B9720707278ACED33C796F6FE18315CCB2B6A8892053E5921989254E7A0EA3F2A6E81E38B1D37C2B15A5C3486F6DE3758D7CB243633B39E83B0FC2B4F658B8AD2FA5E3D75BDF532F6D819BD5A5CD6974D2D6D3E672DE2B9EDE6F125E2DAC3145042DE4AAC68147CBC13C7BE6B1694B3312CE4B31E493DCF7A4EB5EED38724147B1F3156A7B4A929F761450292ACCC752F4A4EF45004D020966453D09E6BA58047E4F38E95CDDA7FC7CA7F9ED5B717FABAFCE38CEAC9E329D36F451BFCDB7FE48FD27832943EA552A25AB95AFE492B7E6CA57ECA8E48A4B7BC5545C1ED55B51EF542DFEE9FAD7C9F22713ED63D8DD96F95875AC49DBCDBE508C467EF63D295BEE9FA556B4FF8FD7FF73FAD7A593E1215F194E9CF66F5FEBE479F9C62A784C055AB4F74B4F5DAFF002BDC96482E58E1664C7A9CD4D6D6CB0658B1790F563C63E9528A5AFD270B9360B0B53DA5286BE6EF6F43F2BC67106618CA5EC6B4FDD7BD9257F5B7FC04433DA24C721DE36F55EFF8545169B146C1A477948E81B81F955BF4A5AD9E5B83753DABA6B9BD3FA5F8184738C7C697B055A5CBB5AFD3B5F7FC41E6993940587703A8A89AF6660552272DFEED4A69C7A0AF2315C2B83C456759371BEAD2B5BE5D8F6B07C618CC3505425153B689BBDFCAF6DEDF26416F1347B9E420CAFD707803D2A49228E5FBE80FE94B457B74F0587A7463414138AE8D5FF3EA7815B30C4D5C44B12E6D4E5D536BE5A3DBC86C71470A91146A80F5C0EB4FCD1DE92BA2318C572C5591C939CA72729BBB7D5EA2E6909A0D1544866933477A434C033494B4868109F5A09A3D69A69A00CE6909A3BD255005252D277A003349476A0F4A00FFD9, 'image/jpeg');
INSERT INTO `file_upload` VALUES (6255117377242112, '0311d3f2-a62c-4ee0-be88-d81b1d9b7580', 0x89504E470D0A1A0A0000000D49484452000000C8000000C80806000000AD58AE9E00000D0749444154789CED9D3D4F1B4B1B86FD13DC9E2A34741416552A44712A2A4E952A121255AAB84A9582928E263DFC0144FB12214894A093E89CC88985A2E4C5BB2387904002AC1CB21AEF78ADE72DB0F31A07E3597B3D9FF7255D3DBBDE9B99673E0B050000000000000000000000000000000000000000000000C022185191111519E7534C88D2618BCFD7D264B196268B35C19702D12C07A259AE09BE54137CE9B0C5E70F5B7C9E0951629C4F31CEA7743F030063C1888A4C88522D4D1603D12CB3B6580BDB49254C93284C13CA4B96265B2C15EB418BAFD4D264910951D2FDEC005C8311150F5B7C3E10CD72988ABD49046104194B93ADA0C5570E5B7C5EF73B029EC18428FD0A84FE3048B736418BAFA09501B9D36D25582AD66D09844C606A822FE97EB7C0620E5B7C9EB5C59A2BA1181C16B18EAE18908209510A5A7CA5534B68FF78151BB1B658C34819B806232AD6D264D1D3500C50ECA10BE6398CA818886619C1B85586A07806232A062DBE12A60933E003B446D6166BBA7F3B30417A82E174D18DA0804C30A2624DF02504235F03D12CEBFE6DC1981CB6F83C6A8C09DA4E2A987CB4104654F4610EC314595BAC31A2A2EEDF1D4880EE943E31E265304C8812BA5306886E9779D4D2643144AB6194684D0CA0A7D6D0FE41C0DFC590B046D0A5B24474B9D4832E957DA2CBA50074A9EC165DAE09C2888A2C4DB674FFC8705CC59EEE6FC939100EC76C27154C2CE604E37CAAB3FF5BFF0F0BF30D0936678D0713A2146259BACB4618E11A914E383052E5BE11F6C46704E1F04F84441284C35BD1DD1AC655418E9AC3632314EE036044452C1D81619A300C01F781790E78CD7652D1FD4D1A03C2016F1633EE8542A150C0DA2A384896265BBABF4FAD74B6C76AFF21A0B9D6D26451F777AA85CE88158673E150BD1BFE654445ACAF821964BABF59A5A0EE8059F5A61E41DD0147D5F97A0475071C57A7EB11D41D3007DDAC47AE2EBED4FE72A1033A7700C4D5A815BA563037DD5AD488512B98B7CE8C6A1DB6F8BCEE9709DDD4894D5628CCE104B5BB6047610E27ADB5375DA130878AB4B360EF5C98A9FBE5410F0C5A7C45F7F79E09B41E50B19155DB74D17A40D55AD38A745A0FA6FB85996455C4B4CDCF69E3F2989E34EAB41A05F4A451A7CDF894F69B0DED7F9F2346BABF7D297C1FB9AA8A9836E3535AFEF696E63EBFA4E9FA0EFDC1FE23E5ECD1337A7876409BF1A9F6E7B051E347B47C6D3DAA22A68DCB635AF8F22A532086B9FCED2D6D5C1E6B7F3E8B34BB15F16DAF4755C4F4F0EC20D7500C72350AB43FAF0D1ABD90D19759F3AA88E9F1C54725C1E8EF823D69D4B53FBFE19AD98A74CED4D5FD7226EEC6E531CD1E3D531A8C7EE73EBF44D7EB168D9C38747D68B72A625AFEF6566B30FA7D7CF151FB7B3151968A75DD79F88DD0E1E27CBFD9A0852FAFB407E22617BEBCD2FE7E0CD4AC6E56E75A66DD2F65226EC6A7DABB54325D2ECCA75CD7A8629DA5625DF70B9984AB51904B217EA7FE94A63FEDD0CCD12EDDFDFA82E64EF669F6F839CD1E3FA7E94FF914FAD3F51DDAE6E7DADF99291AD3CD7275DDD5363F1F2B1CB3C7CF69E1FB6B7AF0E3801EF3FF0EF57E54A185EFAFC70ACC747D87AA22D6FEEE0CD18CF5592E76AFF69B8D91C271A7FE34532806B9DC78477327FB2377B774BF3F5334A29BE5DAD5055511672EC8EFD49FD2DCC93E957FBE1F2B18FD3EF871305250EE9DFCABFD3D9AA011FBD643C746AFB20EE5CE1CED8EDD62C8B42877EA4F33FD5D98504C28D43D9AE5DAE4E06A1464AE331EC51F261A8EAEE59FEF69E66837D3DF87A25DF3498C2EADDCAD8A38D370EE9FA77F2B0B47AF77BFBE90FE1B3147A27985AF4BF5C7E38B8F99C2A13A18BDCE1E3F97FE5B7D5F92A2B50E091DA93FAA22961EB59A3BD9D7D272F4FA28FE20DDDD9A3D7AA6FDFD6A564F1DE252FD21DB7ACC1CED6A0F476F4D82825D4E2D07CCB9527FC8B61E77EA4F273E5A95D5FB51452A20D3F51DEDEF59A75AF6ABBB527F3C69D4ADA83B0629DBD5F279AD96963A2474A4FEB877F2AF54EB91F724605E2E37DE4905C4F31D89EAEB10031E7A6C65BB570BDF5F6B0FC26DCA0CFDFADECD52BA2ECB95027DE3F258EABFAFA9AD4757D95AC4EB6E96CA0943571628CA74AF668E76B50760988FE20FE8660D51E984A12B23583233E7A677AFBACA2C6AF47911A3D2912C573648C9D41FCB8D77DA3F7E19EF5DBC191E768F979E281DC972E1789FFD6643AA5BA2FBC3975566E2D0F3425DDD4856E8C010EF363F1FFE417DDAD1FEE1CB2A53872020EA02A2FB61C776333E75A240EF5566CF88CF5B72950CF532CEA7743F681ECACCA0CF9DEC6BFFE8B32833ABEEF31E112543BDAE04446673946D01915906EFF3C9F16A02E2C824A14C0B72F7EB0BED1F7D16654E44F1B90551B2AAD7957BCF6566D16DAB416446E57C9E4DAFA5C9220222A94C917EA7FE54FB472FABECFE10AF03A2E2182057EE00A98A58EA83D2FDE1CBFAE0C701867987A864B9892B0109D3442A20B6CCA4FF75F6CFF04107CF0F9553121057D661856942739F5F0EFDA84CDD28D5AFCC92F7876707DADFB9D680A8588FE552401E9E0DEF96D850873C8A3F484D12FABE375D49405CEA62613F885FAAA9411CD90B12A6F285BAE91386321384BED71F61AA6A14CBA18084A9FC59BCA6B622B2AD07AE6B53141057E641BACA9E6A62E2AC7A9603E47C9E41FF1510151385AE2C35E99AE54C5ED3867C17BEBF96FABB7DDE28D5AB92A526AE2C56EC55F66445938EFFC9722582EFE7F37655B358F1EACA35ED0F9BA7B2C5FA1FCC8C4D54E59FEFA5C381D6A327202AEE4F773120619AED74F7D9E3E7DAC291A5EE40EBA121208542A1103A786967D6FB417484E4C18F834CE1F0F914939B54128E42A15008DB4945F7C34E429915BEBDCE1CED2AAB49B25EC3861B6FFB6C27156501616DB1A6FD8127A4CCF293FEC2FDDEC59B8976A9FE3CFD3BF31D853E1F1277934A8FFD095A7C45F7034F5299458C37B526F7A34AEEADC6A8F7A6A338EF0B485BAC290B886BB3E9FD56453C5248FE6057138AE304E551FC81EE4795CC17762224B7ABF4CE7417E742FADD6F36A4AF65BB2D2CF72EDEDC5AA73C8A3FD0831F07F4D7D93F3473B49BB92B8590480644C52CFAAF80383AD4DBEF363F1F3B24FD4E7FDAA199A35D9AFEB4937B181092C12A1BE2ED123A70BAA28CFBCDC6C8DD2D93F43C244C6938AE0262FFF9BCB28E539398A4BF21117BCA03E2FA48D64DCA1C36A7CAE9FA0E3D69D469E1CB2B8464884A47B0BAB83E9235C86D7EAEBD3559F8F2EADAEE4084E4769516E8BD840E2E399175350A322D4DC92B1883D6562124038D94DE4F783D20FED4213A83B2F0E595D499BA08C94D6AA83FBAF858870C72E3F2981E9E1DE4362C3CF7F9253DBEF89879272042725DA557AFF5E3CB7C4856372E8F69350A68F9DB5BA97A65BABE43739F5FD2C3B3035A8D82B1B7C72224FF575BFDD125F4B80EC96255C4B4DF6CD0667C4A9BF1296DF373DAE6E75415F14456DD222409853AEB8F2EAE5CE8E9A2BE8744E90ADE41B874909C8BFA1C12ADF54717D421E6EB694822E5EBAF06816E96F9FA161223BA575D7C9D55B74D9F42A27DF4AA9FD093D5BDB69B3524965E99A07FF4AA1F97F7A9BB66D690D8762ABC96C589C340B16E97594262DB01104A8E181D8510DD2CAB940D8955DD2C95C7FB64057322F62913129B4E673462EEE33642B422D6795B482C1BC932AF38EF07AD889DDE74605EFFC62CD335BEF528147E15EB4CF7CB82D9DDE6E7B41A05F4F8E2236DC6A7B61D5D6A7EEBD105FB44A06AAD683DBA60C8172AD69C7557B2A01581AAB4AAF5E88256042AD2BED6A34B209A65035E2074582B5B8F5E5CBD6C071A21B366E46A10AEDDAB0ECDD1B825EDA3C2D2644BF7CB846E69D486A87141C10E73365272E7B94AB00405E6A5F585F92050B0C31CB4BF301F840F57B7C1891A19BB192A2F70C0031CD54034CBBABF5F2560540B6695A5625DF777AB0C4654443D0233E86EDD3108D4235052F7EB8E41A01E81C3F4A6EE18048E2D8583F4AAEEB80D5CE5067FB39D54BCAB3B0681A21D5E13E1F81D84047664D66E809A349D912D5CE9E6AFEE2D42CC1B2644C9801F0A6A088733FB3B260D36597927C2911584C41B118E51E974B75093B82BC2312E8CF3298C6E392946ABF20243C08ED94E2A08C704C08CBB0B8A3D4C024E10DC8568AF2C4DB6100E05E0C446EB8CBC5F95AB9ACE081733E0C787B7D94E2ADEEEE730012C973759D41B46802E9771A24B651AE8721922BA546683D6449B51209A6574A92C801115519BA854EC61E2CF42D0ED9AB0EDA482B5540E806E57EEA23BE522084A0EC168F11574A71C07411931186831FCA21314EC37B92D18E84A814E5098011FA429320403FCC6618BCF7BBC5A3862A958C7A922408A5A9A2C7A30971285A9D8AB09BE84D6028CCC5517CC99CD5A51988A3D74A1C044A8A5C962D0E22B1605E62A102DBEC28428211440297D81316144EC57200E5B7C1E8100C6514B93C59AE04B3DC161B987A09D54589A6CB1B6580B44B38CD601580FE37C8A713EC584281DB6F87C374835C19702D12C072DBE12B4F84A209AE54034CB35C1976A69B278D8E2F34C881213A2C4389F42100000000000000000000000000000000000000000000000D8C4FF00D61AF705EBF7A8AD0000000049454E44AE426082, 'image/png');
INSERT INTO `file_upload` VALUES (6255118452950016, 'afe42043-1eca-444d-9c21-a6e11ce3ff44', 0x736A7468716569797768747866686967, 'text/plain');
INSERT INTO `file_upload` VALUES (6255120551609344, 'db095e2b-0a08-4f1a-ad40-d9df30fcfdea', 0x2F2A0D0A204E617669636174205072656D69756D2044617461205472616E736665720D0A0D0A20536F75726365205365727665722020202020202020203A206B620D0A20536F75726365205365727665722054797065202020203A204D7953514C0D0A20536F75726365205365727665722056657273696F6E203A2035303634330D0A20536F7572636520486F737420202020202020202020203A206C6F63616C686F73743A333330360D0A20536F7572636520536368656D612020202020202020203A2064625F72696D7869610D0A0D0A20546172676574205365727665722054797065202020203A204D7953514C0D0A20546172676574205365727665722056657273696F6E203A2035303634330D0A2046696C6520456E636F64696E672020202020202020203A2036353030310D0A0D0A20446174653A2031352F30332F323031392031373A32363A34350D0A2A2F0D0A0D0A534554204E414D455320757466386D62343B0D0A53455420464F524549474E5F4B45595F434845434B53203D20303B0D0A0D0A2D2D202D2D2D2D2D2D2D2D2D2D2D2D2D2D2D2D2D2D2D2D2D2D2D2D2D2D2D2D0D0A2D2D205461626C652073747275637475726520666F722066696C655F75706C6F61640D0A2D2D202D2D2D2D2D2D2D2D2D2D2D2D2D2D2D2D2D2D2D2D2D2D2D2D2D2D2D2D0D0A44524F50205441424C4520494620455849535453206066696C655F75706C6F6164603B0D0A435245415445205441424C45206066696C655F75706C6F6164602020280D0A20206066696C655F69646020626967696E7428323029204E4F54204E554C4C20434F4D4D454E542027E69687E4BBB66964272C0D0A20206066696C655F6E616D6560207661726368617228323535292043484152414354455220534554207574663820434F4C4C41544520757466385F67656E6572616C5F6369204E4F54204E554C4C20434F4D4D454E542027E69687E4BBB6E5908D272C0D0A202060636F6E74656E746020626C6F62204E4F54204E554C4C20434F4D4D454E542027E69687E4BBB6E58685E5AEB9E4BA8CE8BF9BE588B6272C0D0A20205052494D415259204B455920286066696C655F69646029205553494E472042545245450D0A2920454E47494E45203D20496E6E6F44422043484152414354455220534554203D207574663820434F4C4C415445203D20757466385F67656E6572616C5F636920524F575F464F524D4154203D20436F6D706163743B0D0A0D0A53455420464F524549474E5F4B45595F434845434B53203D20313B0D0A, 'application/octet-stream');
INSERT INTO `file_upload` VALUES (6255140509221888, '3ac55ae2-ac54-4690-81e3-19327ac15e0dfile_upload.sql', 0x2F2A0D0A204E617669636174205072656D69756D2044617461205472616E736665720D0A0D0A20536F75726365205365727665722020202020202020203A206B620D0A20536F75726365205365727665722054797065202020203A204D7953514C0D0A20536F75726365205365727665722056657273696F6E203A2035303634330D0A20536F7572636520486F737420202020202020202020203A206C6F63616C686F73743A333330360D0A20536F7572636520536368656D612020202020202020203A2064625F72696D7869610D0A0D0A20546172676574205365727665722054797065202020203A204D7953514C0D0A20546172676574205365727665722056657273696F6E203A2035303634330D0A2046696C6520456E636F64696E672020202020202020203A2036353030310D0A0D0A20446174653A2031352F30332F323031392031373A32363A34350D0A2A2F0D0A0D0A534554204E414D455320757466386D62343B0D0A53455420464F524549474E5F4B45595F434845434B53203D20303B0D0A0D0A2D2D202D2D2D2D2D2D2D2D2D2D2D2D2D2D2D2D2D2D2D2D2D2D2D2D2D2D2D2D0D0A2D2D205461626C652073747275637475726520666F722066696C655F75706C6F61640D0A2D2D202D2D2D2D2D2D2D2D2D2D2D2D2D2D2D2D2D2D2D2D2D2D2D2D2D2D2D2D0D0A44524F50205441424C4520494620455849535453206066696C655F75706C6F6164603B0D0A435245415445205441424C45206066696C655F75706C6F6164602020280D0A20206066696C655F69646020626967696E7428323029204E4F54204E554C4C20434F4D4D454E542027E69687E4BBB66964272C0D0A20206066696C655F6E616D6560207661726368617228323535292043484152414354455220534554207574663820434F4C4C41544520757466385F67656E6572616C5F6369204E4F54204E554C4C20434F4D4D454E542027E69687E4BBB6E5908D272C0D0A202060636F6E74656E746020626C6F62204E4F54204E554C4C20434F4D4D454E542027E69687E4BBB6E58685E5AEB9E4BA8CE8BF9BE588B6272C0D0A20205052494D415259204B455920286066696C655F69646029205553494E472042545245450D0A2920454E47494E45203D20496E6E6F44422043484152414354455220534554203D207574663820434F4C4C415445203D20757466385F67656E6572616C5F636920524F575F464F524D4154203D20436F6D706163743B0D0A0D0A53455420464F524549474E5F4B45595F434845434B53203D20313B0D0A, 'application/octet-stream');

-- ----------------------------
-- Table structure for history
-- ----------------------------
DROP TABLE IF EXISTS `history`;
CREATE TABLE `history`  (
  `user_id` bigint(20) NOT NULL COMMENT '用户id',
  `video_id` bigint(20) NOT NULL COMMENT '视频id',
  `look_time` datetime(0) NOT NULL COMMENT '观看日期',
  `title` varchar(255) CHARACTER SET utf8 COLLATE utf8_general_ci NOT NULL,
  `palyer_url` varchar(255) CHARACTER SET utf8 COLLATE utf8_general_ci NOT NULL COMMENT '视频播放页地址',
  PRIMARY KEY (`user_id`, `video_id`, `palyer_url`) USING BTREE
) ENGINE = InnoDB CHARACTER SET = utf8 COLLATE = utf8_general_ci ROW_FORMAT = Compact;

-- ----------------------------
-- Records of history
-- ----------------------------
INSERT INTO `history` VALUES (59471142195200, 650838997733376, '2019-05-17 09:13:24', '进击的巨人第一季 第1话 ', 'http://localhost:63342/rimxia/static/palyer.html?videoId=650838997733376');
INSERT INTO `history` VALUES (59471142195200, 650838997733376, '2019-05-17 13:20:44', '进击的巨人第一季 第1话 ', 'http://localhost:8080/palyer.html?videoId=650838997733376');
INSERT INTO `history` VALUES (59471142195200, 651239483379712, '2019-05-17 00:17:49', '进击的巨人第一季 第2话 ', 'http://localhost:63342/rimxia/static/palyer.html?videoId=651239483379712');
INSERT INTO `history` VALUES (59471142195200, 651239483379712, '2019-05-17 13:21:17', '进击的巨人第一季 第2话 ', 'http://localhost:8080/palyer.html?videoId=651239483379712');
INSERT INTO `history` VALUES (59471142195200, 651538601086976, '2019-05-17 13:21:23', '进击的巨人第一季 第3话 ', 'http://localhost:8080/palyer.html?videoId=651538601086976');
INSERT INTO `history` VALUES (59471142195200, 652573499985920, '2019-05-17 08:59:50', '黑色五叶草 第1话 阿斯塔和由诺', 'http://localhost:63342/rimxia/static/palyer.html?videoId=652573499985920');
INSERT INTO `history` VALUES (59471142195200, 652573499985920, '2019-05-17 01:45:18', '黑色五叶草 第1话 阿斯塔和由诺', 'http://localhost:63342/rimxia/static/palyer.html?videoId=652573499985920#');
INSERT INTO `history` VALUES (59471142195200, 652573499985920, '2019-05-17 13:21:33', '黑色五叶草 第1话 阿斯塔和由诺', 'http://localhost:8080/palyer.html?videoId=652573499985920');
INSERT INTO `history` VALUES (580789738541056, 651239483379712, '2019-05-17 00:34:41', '进击的巨人第一季 第2话 ', 'http://localhost:8080/palyer.html?videoId=651239483379712');
INSERT INTO `history` VALUES (580789738541056, 652573499985920, '2019-05-17 14:37:31', '黑色五叶草 第1话 阿斯塔和由诺', 'http://localhost:8080/palyer.html?videoId=652573499985920');
INSERT INTO `history` VALUES (580789738541056, 652573499985920, '2019-05-17 14:14:35', '黑色五叶草 第1话 阿斯塔和由诺', 'http://localhost:8080/palyer.html?videoId=652573499985920#');
INSERT INTO `history` VALUES (580789738541056, 659074379026432, '2019-05-17 15:19:59', '黑色五叶草 第2话 ', 'http://localhost:8080/palyer.html?videoId=659074379026432');
INSERT INTO `history` VALUES (658200439164928, 650838997733376, '2019-05-17 14:09:29', '进击的巨人第一季 第1话 ', 'http://localhost:63342/rimxia/static/palyer.html?videoId=650838997733376');
INSERT INTO `history` VALUES (658200439164928, 650838997733376, '2019-05-17 14:11:06', '进击的巨人第一季 第1话 ', 'http://localhost:63342/rimxia/static/palyer.html?videoId=650838997733376#');
INSERT INTO `history` VALUES (658200439164928, 652573499985920, '2019-05-17 14:14:03', '黑色五叶草 第1话 阿斯塔和由诺', 'http://localhost:8080/palyer.html?videoId=652573499985920');

-- ----------------------------
-- Table structure for member
-- ----------------------------
DROP TABLE IF EXISTS `member`;
CREATE TABLE `member`  (
  `user_id` bigint(20) UNSIGNED NOT NULL COMMENT '用户id',
  `user_name` varchar(10) CHARACTER SET utf8 COLLATE utf8_general_ci NOT NULL COMMENT '用户名',
  `head_img` varchar(255) CHARACTER SET utf8 COLLATE utf8_general_ci NULL DEFAULT NULL COMMENT '头像',
  `gender` int(1) NULL DEFAULT NULL COMMENT '性别',
  `phone_number` varchar(15) CHARACTER SET utf8 COLLATE utf8_general_ci NULL DEFAULT NULL COMMENT '手机号',
  `password` varchar(255) CHARACTER SET utf8 COLLATE utf8_general_ci NOT NULL COMMENT '密码',
  `salt` varchar(100) CHARACTER SET utf8 COLLATE utf8_general_ci NOT NULL COMMENT '秘钥',
  `email_addr` varchar(255) CHARACTER SET utf8 COLLATE utf8_general_ci NOT NULL COMMENT '邮箱',
  `is_disable` int(11) NOT NULL COMMENT '禁用级别0未禁用',
  `is_del` bit(1) NOT NULL COMMENT '是否删除',
  `roles` varchar(255) CHARACTER SET utf8 COLLATE utf8_general_ci NULL DEFAULT NULL COMMENT '用户角色',
  `permissions` varchar(255) CHARACTER SET utf8 COLLATE utf8_general_ci NULL DEFAULT NULL COMMENT '用户权限',
  `disable_comment` bigint(20) NULL DEFAULT NULL COMMENT '禁止评论至日期',
  PRIMARY KEY (`user_id`) USING BTREE
) ENGINE = InnoDB CHARACTER SET = utf8 COLLATE = utf8_general_ci COMMENT = '用户' ROW_FORMAT = Compact;

-- ----------------------------
-- Records of member
-- ----------------------------
INSERT INTO `member` VALUES (59471142195200, '张露', 'http://pic17.nipic.com/20111031/8166867_002049106165_2.jpg', NULL, NULL, 'ff1e7b87070528975a0148854d5b28e3', 'bGDKPVlAdsrhZITRcQoaWZkqpepBuxlL', '125960102@qq.com', 0, b'0', NULL, NULL, NULL);
INSERT INTO `member` VALUES (580789738541056, '朱镕城', 'http://localhost:8080/img/noface.gif', NULL, NULL, '0f51be2bdcd223b3a9053b40c1999b44', 'cjurfVSYnbYoYgKGHdTbrZVqmnHYOuoy', '1259609102@qq.com', 0, b'0', NULL, NULL, NULL);
INSERT INTO `member` VALUES (658200439164928, '陈明涛', 'http://localhost:8080/img/noface.gif', NULL, NULL, '67f853d2dcf19e12a7a467e64771dc23', 'RHkHxEloTDfvrLYVVQhdnJtbSZocWuxr', '3228124730@qq.com', 0, b'0', NULL, NULL, NULL);

-- ----------------------------
-- Table structure for notify
-- ----------------------------
DROP TABLE IF EXISTS `notify`;
CREATE TABLE `notify`  (
  `notify_id` bigint(20) NOT NULL COMMENT '消息id',
  `content` varchar(255) CHARACTER SET utf8 COLLATE utf8_general_ci NULL DEFAULT NULL COMMENT '内容(公告、私信、提醒伴生实体如评论内容和更新内容)',
  `type` int(2) NOT NULL COMMENT '类型【1,2,3】公告、提醒、信息',
  `target_id` bigint(20) NULL DEFAULT NULL COMMENT '目标id',
  `target_type` varchar(255) CHARACTER SET utf8 COLLATE utf8_general_ci NULL DEFAULT NULL COMMENT '目标类型',
  `remind_type` int(11) NULL DEFAULT NULL COMMENT '提醒类型<=19被发布订阅||>=19<=39被关注订阅',
  `sender_id` bigint(20) NULL DEFAULT NULL COMMENT '发送者id',
  `create_time` datetime(0) NOT NULL COMMENT '创建时间',
  `sender_name` varchar(255) CHARACTER SET utf8 COLLATE utf8_general_ci NULL DEFAULT NULL COMMENT '发送者昵称',
  `target_title` varchar(255) CHARACTER SET utf8 COLLATE utf8_general_ci NULL DEFAULT NULL COMMENT '目标标题',
  PRIMARY KEY (`notify_id`) USING BTREE
) ENGINE = InnoDB CHARACTER SET = utf8 COLLATE = utf8_general_ci COMMENT = '消息' ROW_FORMAT = Compact;

-- ----------------------------
-- Records of notify
-- ----------------------------
INSERT INTO `notify` VALUES (652200308903936, '好好看 哈哈#qq_14#', 2, 650698895265792, 'animeInfo', 2, 580789738541056, '2019-05-17 00:41:44', '朱镕城', NULL);
INSERT INTO `notify` VALUES (652201279754240, NULL, 2, 652200232751104, 'comment', 1, 59471142195200, '2019-05-17 00:41:51', '张露', '好好看 哈哈#qq_14#');
INSERT INTO `notify` VALUES (652207134216192, '真的好看 啊#qq_43#', 2, 652200232751104, 'comment', 2, 59471142195200, '2019-05-17 00:42:36', '张露', NULL);
INSERT INTO `notify` VALUES (652210339581952, '多久更新？#qq_33#', 2, 650698895265792, 'animeInfo', 2, 59471142195200, '2019-05-17 00:43:00', '张露', NULL);
INSERT INTO `notify` VALUES (652212226101248, NULL, 2, 652210316120064, 'comment', 1, 580789738541056, '2019-05-17 00:43:15', '朱镕城', '多久更新？#qq_33#');
INSERT INTO `notify` VALUES (652389868507136, 'sb', 2, 652210316120064, 'comment', 2, 580789738541056, '2019-05-17 01:05:50', '朱镕城', NULL);
INSERT INTO `notify` VALUES (652405178503168, '你妈叫你回家吃饭#qq_39#', 2, 652210316120064, 'comment', 2, 580789738541056, '2019-05-17 01:07:47', '朱镕城', NULL);
INSERT INTO `notify` VALUES (652440247078912, '快过来了#qq_12#', 2, 652210316120064, 'comment', 2, 580789738541056, '2019-05-17 01:12:15', '朱镕城', NULL);
INSERT INTO `notify` VALUES (652575742758912, NULL, 2, 652546334134272, 'anime', 20, NULL, '2019-05-17 01:29:28', NULL, '黑色五叶草 阿斯塔和由诺');
INSERT INTO `notify` VALUES (658045298806784, '天啊#qq_14#', 2, 652546334134272, 'animeInfo', 2, 580789738541056, '2019-05-17 13:04:58', '朱镕城', NULL);
INSERT INTO `notify` VALUES (658063335231488, NULL, 2, 658061821612032, 'comment', 1, 580789738541056, '2019-05-17 13:07:15', '朱镕城', '多久更新啊#qq_57#');
INSERT INTO `notify` VALUES (658064889876480, '15天后', 2, 658061821612032, 'comment', 2, 580789738541056, '2019-05-17 13:07:27', '朱镕城', NULL);
INSERT INTO `notify` VALUES (658118784454656, 'sb#qq_12#', 2, 658061821612032, 'comment', 2, 580789738541056, '2019-05-17 13:14:18', '朱镕城', NULL);
INSERT INTO `notify` VALUES (658121315979264, NULL, 2, 658118774099968, 'comment', 1, 580789738541056, '2019-05-17 13:14:38', '朱镕城', 'sb#qq_12#');
INSERT INTO `notify` VALUES (658122677030912, NULL, 2, 658064883060736, 'comment', 1, 580789738541056, '2019-05-17 13:14:48', '朱镕城', '15天后');
INSERT INTO `notify` VALUES (658133479723008, NULL, 2, 658131899781120, 'comment', 1, 580789738541056, '2019-05-17 13:16:10', '朱镕城', '陈明涛在哪？#qq_33#');
INSERT INTO `notify` VALUES (658186607398912, NULL, 2, 658131899781120, 'comment', 1, 59471142195200, '2019-05-17 13:22:56', '张露', '陈明涛在哪？#qq_33#');
INSERT INTO `notify` VALUES (658773005176832, 'dsfdsf#qq_15#', 2, 658771004231680, 'comment', 2, 580789738541056, '2019-05-17 14:37:30', '朱镕城', NULL);
INSERT INTO `notify` VALUES (659076419948544, NULL, 2, 652546334134272, 'anime', 20, NULL, '2019-05-17 15:16:05', NULL, '黑色五叶草 ');

-- ----------------------------
-- Table structure for remind_action
-- ----------------------------
DROP TABLE IF EXISTS `remind_action`;
CREATE TABLE `remind_action`  (
  `remind_action_id` int(11) NOT NULL COMMENT '提醒动作id',
  `remind_action` varchar(255) CHARACTER SET utf8 COLLATE utf8_general_ci NOT NULL COMMENT '提醒动作',
  `remind_content` varchar(255) CHARACTER SET utf8 COLLATE utf8_general_ci NULL DEFAULT NULL COMMENT '内容',
  PRIMARY KEY (`remind_action_id`) USING BTREE
) ENGINE = InnoDB CHARACTER SET = utf8 COLLATE = utf8_general_ci ROW_FORMAT = Compact;

-- ----------------------------
-- Records of remind_action
-- ----------------------------
INSERT INTO `remind_action` VALUES (1, '点赞', NULL);
INSERT INTO `remind_action` VALUES (2, '评论（回复）', '评论（回复）id');
INSERT INTO `remind_action` VALUES (3, '关注', NULL);
INSERT INTO `remind_action` VALUES (4, '踩', NULL);
INSERT INTO `remind_action` VALUES (5, '转发', '转发原因');
INSERT INTO `remind_action` VALUES (6, '回答', '回答id');
INSERT INTO `remind_action` VALUES (7, '举报', '举报原因');
INSERT INTO `remind_action` VALUES (19, '删除1', '管理删除');
INSERT INTO `remind_action` VALUES (20, '更新', '更新内容id');
INSERT INTO `remind_action` VALUES (21, '热门回答', '回答id');
INSERT INTO `remind_action` VALUES (22, '删除2', '发布者删除');

-- ----------------------------
-- Table structure for reply
-- ----------------------------
DROP TABLE IF EXISTS `reply`;
CREATE TABLE `reply`  (
  `reply_id` bigint(20) NOT NULL COMMENT '回复id',
  `comment_id` bigint(20) NOT NULL COMMENT '评论id',
  `is_author` bit(1) NOT NULL COMMENT '是否作者',
  `reply_form` bigint(20) NOT NULL COMMENT '回复用户id',
  `member_head_img` varchar(500) CHARACTER SET utf8 COLLATE utf8_general_ci NOT NULL COMMENT '回复用户头像',
  `reply_time` datetime(0) NOT NULL COMMENT '回复时间',
  `reply_to` bigint(20) NOT NULL COMMENT '被回复用户id',
  `reply_content` varchar(255) CHARACTER SET utf8 COLLATE utf8_general_ci NOT NULL COMMENT '回复内容',
  `like_num` int(11) NOT NULL COMMENT '点赞数',
  PRIMARY KEY (`reply_id`) USING BTREE
) ENGINE = InnoDB CHARACTER SET = utf8 COLLATE = utf8_general_ci COMMENT = '评论回复' ROW_FORMAT = Compact;

-- ----------------------------
-- Table structure for sub_way
-- ----------------------------
DROP TABLE IF EXISTS `sub_way`;
CREATE TABLE `sub_way`  (
  `sub_way_id` int(11) NOT NULL AUTO_INCREMENT COMMENT '订阅方式id',
  `sub_way` varchar(10) CHARACTER SET utf8 COLLATE utf8_general_ci NOT NULL COMMENT '订阅方式',
  PRIMARY KEY (`sub_way_id`) USING BTREE
) ENGINE = InnoDB AUTO_INCREMENT = 3 CHARACTER SET = utf8 COLLATE = utf8_general_ci ROW_FORMAT = Compact;

-- ----------------------------
-- Records of sub_way
-- ----------------------------
INSERT INTO `sub_way` VALUES (1, '发布');
INSERT INTO `sub_way` VALUES (2, '关注');

-- ----------------------------
-- Table structure for subscription
-- ----------------------------
DROP TABLE IF EXISTS `subscription`;
CREATE TABLE `subscription`  (
  `target_id` bigint(20) NOT NULL COMMENT '目标id',
  `target_type` varchar(10) CHARACTER SET utf8 COLLATE utf8_general_ci NOT NULL COMMENT '目标类型',
  `sub_way` varchar(10) CHARACTER SET utf8 COLLATE utf8_general_ci NOT NULL COMMENT '订阅方式',
  `user_id` bigint(20) NOT NULL COMMENT '用户id',
  `create_time` datetime(0) NOT NULL COMMENT '订阅时间',
  `last_pull_time` datetime(0) NOT NULL COMMENT '上一次推送到消息队列的时间',
  PRIMARY KEY (`target_id`, `sub_way`, `user_id`) USING BTREE
) ENGINE = InnoDB CHARACTER SET = utf8 COLLATE = utf8_general_ci COMMENT = '用户提醒的订阅记录' ROW_FORMAT = Compact;

-- ----------------------------
-- Records of subscription
-- ----------------------------
INSERT INTO `subscription` VALUES (652117332463616, 'comment', 'sub', 580789738541056, '2019-05-17 00:31:11', '2019-05-17 00:31:11');
INSERT INTO `subscription` VALUES (652119835807744, 'comment', 'sub', 580789738541056, '2019-05-17 00:31:30', '2019-05-17 00:31:30');
INSERT INTO `subscription` VALUES (652147458707456, 'comment', 'sub', 580789738541056, '2019-05-17 00:35:01', '2019-05-17 00:35:01');
INSERT INTO `subscription` VALUES (652183235858432, 'comment', 'sub', 580789738541056, '2019-05-17 00:39:34', '2019-05-17 00:39:34');
INSERT INTO `subscription` VALUES (652200232751104, 'comment', 'sub', 580789738541056, '2019-05-17 00:41:44', '2019-05-17 00:41:44');
INSERT INTO `subscription` VALUES (652207127138304, 'comment', 'sub', 59471142195200, '2019-05-17 00:42:36', '2019-05-17 00:42:36');
INSERT INTO `subscription` VALUES (652210316120064, 'comment', 'sub', 59471142195200, '2019-05-17 00:43:01', '2019-05-17 00:43:01');
INSERT INTO `subscription` VALUES (652389836394496, 'comment', 'sub', 580789738541056, '2019-05-17 01:05:50', '2019-05-17 01:05:50');
INSERT INTO `subscription` VALUES (652405168934912, 'comment', 'sub', 580789738541056, '2019-05-17 01:07:47', '2019-05-17 01:07:47');
INSERT INTO `subscription` VALUES (652440234627072, 'comment', 'sub', 580789738541056, '2019-05-17 01:12:15', '2019-05-17 01:12:15');
INSERT INTO `subscription` VALUES (658045267087360, 'comment', 'sub', 580789738541056, '2019-05-17 13:04:58', '2019-05-17 13:04:58');
INSERT INTO `subscription` VALUES (658061821612032, 'comment', 'sub', 580789738541056, '2019-05-17 13:07:04', '2019-05-17 13:07:04');
INSERT INTO `subscription` VALUES (658064883060736, 'comment', 'sub', 580789738541056, '2019-05-17 13:07:27', '2019-05-17 13:07:27');
INSERT INTO `subscription` VALUES (658118774099968, 'comment', 'sub', 580789738541056, '2019-05-17 13:14:18', '2019-05-17 13:14:18');
INSERT INTO `subscription` VALUES (658131899781120, 'comment', 'sub', 580789738541056, '2019-05-17 13:15:58', '2019-05-17 13:15:58');
INSERT INTO `subscription` VALUES (658771004231680, 'comment', 'sub', 580789738541056, '2019-05-17 14:37:15', '2019-05-17 14:37:15');
INSERT INTO `subscription` VALUES (658772996263936, 'comment', 'sub', 580789738541056, '2019-05-17 14:37:30', '2019-05-17 14:37:30');

-- ----------------------------
-- Table structure for targe_type
-- ----------------------------
DROP TABLE IF EXISTS `targe_type`;
CREATE TABLE `targe_type`  (
  `target_type_id` int(11) NOT NULL AUTO_INCREMENT COMMENT '目标类型id',
  `target_type_content` varchar(255) CHARACTER SET utf8 COLLATE utf8_general_ci NOT NULL COMMENT '目标类型',
  PRIMARY KEY (`target_type_id`) USING BTREE
) ENGINE = InnoDB AUTO_INCREMENT = 7 CHARACTER SET = utf8 COLLATE = utf8_general_ci ROW_FORMAT = Compact;

-- ----------------------------
-- Records of targe_type
-- ----------------------------
INSERT INTO `targe_type` VALUES (1, '用户');
INSERT INTO `targe_type` VALUES (2, '话题');
INSERT INTO `targe_type` VALUES (3, '动态');
INSERT INTO `targe_type` VALUES (4, '评论（回复）');
INSERT INTO `targe_type` VALUES (5, '回答');
INSERT INTO `targe_type` VALUES (6, '动漫');

-- ----------------------------
-- Table structure for user_notify
-- ----------------------------
DROP TABLE IF EXISTS `user_notify`;
CREATE TABLE `user_notify`  (
  `user_notify_id` bigint(20) NOT NULL COMMENT '用户信息id',
  `is_read` bit(1) NOT NULL COMMENT '是否已读',
  `user_id` bigint(20) NOT NULL COMMENT '所属用户',
  `notify_id` bigint(20) NOT NULL COMMENT '消息实体',
  PRIMARY KEY (`user_notify_id`) USING BTREE
) ENGINE = InnoDB CHARACTER SET = utf8 COLLATE = utf8_general_ci COMMENT = '用户消息记录' ROW_FORMAT = Compact;

-- ----------------------------
-- Records of user_notify
-- ----------------------------
INSERT INTO `user_notify` VALUES (652149289390080, b'0', 580789738541056, 652149273792512);
INSERT INTO `user_notify` VALUES (652185048322048, b'0', 580789738541056, 652185040850944);
INSERT INTO `user_notify` VALUES (652201286963200, b'0', 580789738541056, 652201279754240);
INSERT INTO `user_notify` VALUES (652207144439808, b'0', 580789738541056, 652207134216192);
INSERT INTO `user_notify` VALUES (652212262408192, b'0', 59471142195200, 652212226101248);
INSERT INTO `user_notify` VALUES (652389891444736, b'0', 59471142195200, 652389868507136);
INSERT INTO `user_notify` VALUES (652405191217152, b'0', 59471142195200, 652405178503168);
INSERT INTO `user_notify` VALUES (652440263331840, b'0', 59471142195200, 652440247078912);
INSERT INTO `user_notify` VALUES (658063348076544, b'0', 580789738541056, 658063335231488);
INSERT INTO `user_notify` VALUES (658064908226560, b'0', 580789738541056, 658064889876480);
INSERT INTO `user_notify` VALUES (658118806212608, b'0', 580789738541056, 658118784454656);
INSERT INTO `user_notify` VALUES (658121320435712, b'0', 580789738541056, 658121315979264);
INSERT INTO `user_notify` VALUES (658122680832000, b'0', 580789738541056, 658122677030912);
INSERT INTO `user_notify` VALUES (658133487456256, b'0', 580789738541056, 658133479723008);
INSERT INTO `user_notify` VALUES (658186626142208, b'0', 580789738541056, 658186607398912);
INSERT INTO `user_notify` VALUES (658773040041984, b'0', 580789738541056, 658773005176832);

-- ----------------------------
-- Table structure for video
-- ----------------------------
DROP TABLE IF EXISTS `video`;
CREATE TABLE `video`  (
  `video_id` bigint(20) NOT NULL COMMENT '视频id',
  `url` varchar(1024) CHARACTER SET utf8 COLLATE utf8_general_ci NOT NULL COMMENT '视频地址',
  `type` int(2) NOT NULL COMMENT '正片为1预告片为0，其他为2',
  `sort` int(3) NOT NULL COMMENT '第几集',
  `video_info_id` bigint(20) NOT NULL COMMENT '视频信息id',
  `create_time` datetime(0) NOT NULL COMMENT '创建时间',
  `video_name` varchar(255) CHARACTER SET utf8 COLLATE utf8_general_ci NULL DEFAULT NULL COMMENT '集名',
  PRIMARY KEY (`video_id`) USING BTREE
) ENGINE = InnoDB CHARACTER SET = utf8 COLLATE = utf8_general_ci COMMENT = '动漫视频' ROW_FORMAT = Compact;

-- ----------------------------
-- Records of video
-- ----------------------------
INSERT INTO `video` VALUES (650838997733376, 'http://localhost:8080/video/650838997733376/01 www.m3u8', 1, 1, 650698895265792, '2019-05-16 21:48:53', '');
INSERT INTO `video` VALUES (651239483379712, 'http://localhost:8080/video/651239483379712/02 www.m3u8', 1, 2, 650698895265792, '2019-05-16 22:39:54', '');
INSERT INTO `video` VALUES (651538601086976, 'http://localhost:8080/video/651538601086976/進擊的巨人 第三季 Part.m3u8', 1, 3, 650698895265792, '2019-05-16 23:17:44', '');
INSERT INTO `video` VALUES (652573499985920, 'http://localhost:8080/video/652573499985920/嘀哩嘀哩动画网-01集.m3u8', 1, 1, 652546334134272, '2019-05-17 01:29:26', '阿斯塔和由诺');
INSERT INTO `video` VALUES (659074379026432, 'http://localhost:8080/video/659074379026432/嘀哩嘀哩动画网-02集.m3u8', 1, 2, 652546334134272, '2019-05-17 15:16:04', '');

-- ----------------------------
-- Table structure for video_info
-- ----------------------------
DROP TABLE IF EXISTS `video_info`;
CREATE TABLE `video_info`  (
  `video_info_id` bigint(20) NOT NULL COMMENT '视频id',
  `video_name` varchar(255) CHARACTER SET utf8 COLLATE utf8_general_ci NOT NULL COMMENT '视频名',
  `type` varchar(255) CHARACTER SET utf8 COLLATE utf8_general_ci NOT NULL COMMENT '类型',
  `addr` varchar(1024) CHARACTER SET utf8 COLLATE utf8_general_ci NULL DEFAULT NULL COMMENT '地区',
  `episodes` int(3) NULL DEFAULT NULL COMMENT '集数',
  `summary` varchar(500) CHARACTER SET utf8 COLLATE utf8_general_ci NULL DEFAULT NULL COMMENT '简介',
  `new_episode` int(3) NULL DEFAULT NULL COMMENT '更新到',
  `cover` varchar(1024) CHARACTER SET utf8 COLLATE utf8_general_ci NOT NULL COMMENT '视频封面图片url',
  `update_time` datetime(0) NOT NULL COMMENT '最近修改',
  `create_time` datetime(0) NOT NULL COMMENT '创建时间',
  PRIMARY KEY (`video_info_id`) USING BTREE
) ENGINE = InnoDB CHARACTER SET = utf8 COLLATE = utf8_general_ci COMMENT = '动漫信息' ROW_FORMAT = Compact;

-- ----------------------------
-- Records of video_info
-- ----------------------------
INSERT INTO `video_info` VALUES (650698895265792, '进击的巨人第一季', '热血', '日本', 25, '曾几何时，世界上突然出现无数身形庞大的巨人，普通人类的生命受到前所未有的威胁。为了保护自身安全，最后的人类筑起三座高墙：玛莉亚、露丝和希娜。人类迎来了长达一个世纪的和平岁月，却也让自己成为圈养在笼中的鸟儿，屈辱地失去自由。845年，高达60米的超大型巨人和铠之巨人登场， 摧毁了最外层的玛莉亚之壁，也惊醒了人类似乎永远不会苏醒的长梦。在此事件中，不愿蜷缩在墙内的少年艾伦·耶格尔（梶裕贵 配音）亲眼目睹母亲遇害，由此更坚定了他加入调查兵团的决心。', 3, 'https://gss0.bdstatic.com/94o3dSag_xI4khGkpoWK1HF6hhy/baike/c0%3Dbaike272%2C5%2C5%2C272%2C90/sign=c45e958815d8bc3ed2050e98e3e2cd7b/738b4710b912c8fc6b11d67ff0039245d78821a5.jpg', '2019-05-16 21:30:49', '2019-05-16 21:30:49');
INSERT INTO `video_info` VALUES (652546334134272, '黑色五叶草', '热血，青春', '日本', 100, '黑色五叶草》是田畠裕基在《少年jump》连载的杂志漫画 ，曾经险些遭到魔神毁灭的世界，拯救它的是一位被后世称为“魔法帝”的魔导士……两位被遗弃在教堂的少年，一位是有卓越魔力跟魔法才能的四叶草魔导书的尤诺，另一位魔法值为零但却意外获得黑色五叶草的魔法书的亚斯塔……', 2, 'https://gss3.bdstatic.com/7Po3dSag_xI4khGkpoWK1HF6hhy/baike/c0%3Dbaike92%2C5%2C5%2C92%2C30/sign=562016418e8ba61ecbe3c07d205dfc6f/86d6277f9e2f0708cf2d3a8be524b899a901f215.jpg', '2019-05-17 01:25:44', '2019-05-17 01:25:44');

-- ----------------------------
-- Table structure for video_type
-- ----------------------------
DROP TABLE IF EXISTS `video_type`;
CREATE TABLE `video_type`  (
  `type_id` int(11) NOT NULL COMMENT '类型id',
  `type_name` varchar(255) CHARACTER SET utf8 COLLATE utf8_general_ci NOT NULL COMMENT '类型名',
  `parent_id` int(11) NULL DEFAULT NULL COMMENT '父级类型id',
  PRIMARY KEY (`type_id`) USING BTREE
) ENGINE = InnoDB CHARACTER SET = utf8 COLLATE = utf8_general_ci COMMENT = '视频分类表' ROW_FORMAT = Compact;

SET FOREIGN_KEY_CHECKS = 1;
